T√©ma,"√Åll√≠t√°s

EGYET√âRTEK
NEM √âRTEK EGYET
NEM TUDOM / NEM √âRDEKEL","Indokl√°s, pro √©s kontra",K√∂z√∂ss√©gi k√∂zleked√©s v√°rosa,,15 perces v√°ros,,Fenntarthat√≥ v√°ros,,Hi-tech v√°ros,,Aut√≥k√∂zpont√∫ v√°ros,,R√©gi√≥s gazdas√°gi k√∂zpont,
üíÅüèª‚Äç‚ôÄÔ∏èüè† EGY√âN,"Els≈ësorban az egy√©nek felel≈ëss√©ge, hogy megoldj√°k a k√∂zleked√©s√ºket.","Az √°ll√≠t√°ssal egyet√©rt≈ëk szerint a megfizethet≈ë k√∂z√∂ss√©gi k√∂zleked√©s biztos√≠t√°sa nem olyan alapvet≈ë feladata az √∂nkorm√°nyzatnak, mint a k√∂zbiztons√°g vagy a k√∂ztisztas√°g. Ez√©rt el√©g egy nem r√°fizet√©ses, a fizet≈ëk√©pes kereslethez igazod√≥ k√∂z√∂ss√©gi k√∂zleked√©si rendszert fenntartani. M√°sok szerint az √∂nkorm√°nyzatnak hozz√° kell j√°rulnia ahhoz, hogy minden lakosnak anyagi lehet≈ës√©g√©t≈ël f√ºggetlen√ºl lehet≈ës√©ge legyen eljutni a munk√°ba, int√©zni √ºgyeit, r√©szt venni a v√°ros √©let√©ben.",NEM,"A k√∂z√∂ss√©gi k√∂zleked√©s k√∂zponti szerepe k√∂z√∂ss√©gi felel≈ëss√©gv√°llal√°st is jelent. Az egy√©neket ez v√©di a gyors v√°ltoz√°sokt√≥l (pl. energia√°rak emelked√©se), az √ºzemeltet√©s kock√°zata is k√∂z√∂ss√©gi szinten jelenik meg.",IGEN,"Ebben a j√∂v≈ëk√©pben a priorit√°s az √©lhet≈ë v√°ros, amelyben a k√∂zelben (ide√°lis esetben s√©tat√°vra) vannak a szolg√°ltat√°sok, a munkahely √©s minden √ºgyint√©z√©s k√∂nnyen el√©rhet≈ë. A k√∂zleked√©s terheit ugyanakkor ez a v√°ros nem veszi le az egy√©nek v√°ll√°r√≥l, ezek az utaz√°sok nem kapnak kiemelt t√°mogat√°st.",NEM,"Ebben a j√∂v≈ëk√©pben kisebb-nagyobb k√∂z√∂ss√©gek s≈±r≈± sz√∂vet√©ben az egy√©nek egym√°st seg√≠tve, er≈ëforr√°saikat megosztva √©rv√©nyes√ºlnek, az √∂nkorm√°nyzat pedig t√°mogatja ezeket az √∂nszervez≈ëd≈ë, k√∂z√∂ss√©gi megold√°sokat a k√∂zleked√©sben √©s a feleslegesen megtett utak kiv√°lt√°s√°ban pl. helyben el√©rhet≈ë szolg√°ltat√°sokkal.",IGEN,"Ebben a j√∂v≈ëk√©pben a k√∂zleked√©s egy olyan szolg√°ltat√°s, amit egy er≈ëteljesen verseng≈ë piacon az egy√©nek saj√°t ig√©nyeik szerint v√°s√°rolnak meg. Az √∂nkorm√°nyzat csak nagyon korl√°tozott m√©rt√©kben ny√∫jt ezen fel√ºl szolg√°ltat√°st ott, ahol a piaci megold√°sok egy√°ltal√°n nem m≈±k√∂dnek.",IGEN,"A k√∂zleked√©s ebben a j√∂v≈ëk√©pben nagy m√©rt√©kben az egy√©ni g√©pj√°rm≈±-tulajdonon, √©s az ez√©rt viselt egy√©ni felel≈ëss√©gen alapul.",NEM,"Ebben a j√∂v≈ëk√©pben az egy√©nek ugyan nagyobb m√©rt√©kben felel≈ësek a saj√°t mobilit√°suk√©rt, de az √∂nkorm√°nyzat a versenyk√©pess√©g n√∂vel√©se (pl. munkaer≈ë biztos√≠t√°sa, anom√°li√°k kezel√©se, √∫j fejleszt√©si ter√ºletek felt√°r√°sa) √©rdek√©ben igyekszik beavatkozni, k√∂lts√©geket √°tv√°llalni, ebbe a nagy foglalkoztat√≥kat, beruh√°z√≥kat is bevonva."
üèõÔ∏èüëÆ √ÅLLAM,Az √∂nkorm√°nyzatnak nem dolga akt√≠van befoly√°solni az emberek k√∂zleked√©si szok√°sait.,"Van, aki szerint az √∂nkorm√°nyzatnak az emberek megl√©v≈ë ig√©nyeihez √©s szok√°saihoz kell hozz√°igaz√≠tani a k√∂zleked√©spolitik√°t.  M√°sok szerint a kl√≠mav√°ltoz√°s √©s az eg√©szs√©ges, biztons√°gos v√°rosi l√©t √©rdek√©ben helyes, ha a v√°rosvezet√©s fenntarthat√≥bb ir√°nyba pr√≥b√°lja alak√≠tani a lak√≥i k√∂zleked√©si szok√°sait, pl. szeml√©letform√°l√°ssal, a rendk√≠v√ºli helyzetek felhaszn√°l√°s√°val a k√∂zleked√©s √°tszervez√©s√©re.",NEM,"A v√°ros a k√∂zleked√©sszervez√©s √©s a k√∂lts√©gek meg√°llap√≠t√°sa sor√°n arra t√∂rekszik, hogy a k√∂z√∂ss√©gi k√∂zleked√©st a napi haszn√°latban vonz√≥bb√° tegye els≈ësorban az egy√©ni aut√≥haszn√°lathoz k√©pest.",NEM,"A k√∂zterek √°talak√≠t√°s√°val az √∂nkorm√°nyzat az akt√≠v k√∂zleked√©si m√≥dokat (gyalogl√°s, ker√©kp√°r) hozza el≈ënybe.",NEM,A korm√°nyzat √©s az √∂nkorm√°nyzat is szigor√∫ k√∂rnyezetv√©delmi szempontokat √©rv√©nyes√≠tve befoly√°solja az egy√©ni d√∂nt√©seket.,IGEN,"A v√°rosvezet√©s nem avatkozik be az egy√©ni v√°laszt√°sokba, a szolg√°ltat√≥k √©s a k√∂zleked√©si m√≥dok ""versenyeznek"" egym√°ssal.",IGEN,"Ebben a j√∂v≈ëk√©pben az egy√©ni g√©pj√°rm≈±haszn√°lat dominanci√°j√°t a v√°ros adotts√°gk√©nt kezeli, ehhez igyekszik alkalmazkodni √©s a k√∂vetkezm√©nyeit kezelni, nem pedig megv√°ltoztatni.",IGEN,"Ebben a j√∂v≈ëk√©pben az egy√©ni g√©pj√°rm≈±haszn√°lat dominanci√°j√°t a v√°ros adotts√°gk√©nt kezeli, a fejleszt≈ëk ig√©nyeihez igyekszik szabni a k√∂zleked√©st, nem t√∂rekedve az egy√©nek befoly√°sol√°s√°ra."
üíÅüèª‚Äç‚ôÄÔ∏èüè† EGY√âN,"Az emberek akkor v√°lnak tudatosabb√° k√∂zleked√©s√ºk k√∂rnyezeti hat√°sait illet≈ëen, ha saj√°t maguk kell megfizess√©k annak k√∂lts√©geit.","A k√∂z√∫ti k√∂zleked√©snek √©s sz√°ll√≠t√°snak jelent≈ës a szerepe a l√©gszennyez√©sben, valamint egy√©b k√∂rnyezeti √©s eg√©szs√©g√ºgyi k√°rokban. Az ezekhez kapcsol√≥d√≥ k√∂lts√©geket azonban kor√°ntsem fizetik meg a k√∂zleked√©s haszn√°l√≥i. Vannak, akik a k√°ros hat√°sokat √©s ezek m√©rs√©kl√©s√©nek k√∂lts√©geit jobban r√°terheln√©k a k√∂zleked≈ëkre, ezzel √∂szt√∂n√∂zve ≈ëket fenntarthat√≥bb magatart√°sra. M√°sok szerint az egy√©ni felel≈ëss√©g helyett k√∂z√∂ss√©gi szinten, t√°rsadalmi szempontokat m√©rlegelve kell megold√°st tal√°lni a k√∂zleked√©s fenntarthat√≥bb√° t√©tel√©re.",NEM,A k√∂z√∂ss√©gi k√∂zleked√©sen alapul√≥ v√°rosban (helyi szinten) k√∂z√∂ss√©gi felel≈ëss√©gv√°llal√°s √©s a k√∂lts√©gek k√∂z√∂ss√©gi √∫jraoszt√°sa t√∂rt√©nik.,IGEN,"Ebben a j√∂v≈ëk√©pben a fenntarthat√≥bb akt√≠v k√∂zleked√©si eszk√∂z√∂k √©lveznek els≈ëbbs√©get, m√°s m√≥dokra jelent≈ësebb k√∂lts√©g h√°rul.",IGEN,"Ebben a j√∂v≈ëk√©pben a fenntarthat√≥s√°g befoly√°solja az egy√©ni √©rt√©kv√°laszt√°sokat, de rendszerszinten is ellen√∂szt√∂nzik a nagyobb k√∂rnyezeti hat√°ssal j√°r√≥ szok√°sokat.",IGEN,"A technol√≥giai megold√°sok √©s szolg√°ltat√°sok piac√°n a k√∂rnyezeti hat√°sok bizonyos m√©rt√©kben ""be√°raz√≥dnak"" az egy√©ni fogyaszt√≥i v√°laszt√°sokba, mik√∂zben csek√©ly a t√°rsadalmi szint≈± beavatkoz√°s.",NEM,"B√°r a k√∂zleked√©s egy√©ni k√∂lts√©gei magasak, a k√∂lts√©gek egy r√©sz√©t (infrastrukt√∫ra fejleszt√©se, fenntart√°sa) √≠gy is √°tv√°llalja a k√∂z√∂ss√©g, amely a k√°ros hat√°sok√©rt is kompenz√°ci√≥t ny√∫jt eg√©szs√©g√ºgyi, szoci√°lis szolg√°ltat√°sok r√©v√©n.",NEM,Ebben a j√∂v≈ëk√©pben a cs√∫csra p√∂rg≈ë gazdas√°gi tev√©kenys√©g √©s a k√∂zleked√©s tekintet√©ben m√©rs√©kelten j√∂nnek sz√°m√≠t√°sba a k√∂rnyezeti hat√°sok.
üíÅüèª‚Äç‚ôÄÔ∏èüè† EGY√âN,"A saj√°t tulajdon√∫ g√©pj√°rm≈± szabads√°got, √∂n√°ll√≥s√°got √©s t√°rsadalmi elismerts√©get jelent.","Az √°ll√≠t√°ssal egyet√©rt≈ëk szerint az aut√≥ st√°tuszszimb√≥lum, az √∂n√°ll√≥s√°g garanci√°ja, ez√©rt ahhoz az emberek m√©g a k√∂lts√©gek emelked√©se vagy m√°s lehet≈ës√©gek biztos√≠t√°sa eset√©n is ragaszkodn√°nak. Azok viszont, akik kritikusak az aut√≥haszn√°latra alapul√≥ √©letm√≥ddal √©s k√∂zleked√©sszervez√©ssel, √∫gy l√°tj√°k, hogy ha az √°llami int√©zked√©sek nem ezt t√°mogatn√°k √©s k√©nyelmesen lehetne m√°s eszk√∂zzel k√∂zlekedni, az emberek nem ragaszkodn√°nak a saj√°t aut√≥hoz.",NEM,"Ebben a j√∂v≈ëk√©pben a kisz√°m√≠that√≥, biztons√°gos k√∂z√∂ss√©gi k√∂zleked√©s sz√ºks√©gtelenn√© teszi a napi szint≈± szem√©lyaut√≥-haszn√°latot, a t√∂bbs√©g hajland√≥ err≈ël lemondani a k√∂z√∂ss√©gi megold√°sok el≈ënyei√©rt.",NEM,"Ebben a j√∂v≈ëk√©pben n≈ë azoknak az ar√°nya, akik saj√°t g√©pj√°rm≈± n√©lk√ºl, d√∂nt≈ëen gyalog √©s ker√©kp√°rral k√∂zlekednek a mindennapokban, tekintettel ennek k√∂rnyezetre √©s saj√°t eg√©szs√©g√ºkre gyakorolt hat√°s√°ra.",NEM,Ebben a j√∂v≈ëk√©pben a saj√°t g√©pj√°rm≈± fenntart√°s√°nak magas k√∂lts√©gei √©s a k√∂rnyezeti tudatoss√°g miatt m√°r nem alapvet≈ë √©letforma az aut√≥haszn√°lat.,NEM,"Ebben a j√∂v≈ëk√©pben az emberek a jelenlegin√©l sokkal nyitottabb√° v√°lnak a megosztott megold√°sokra, sokan saj√°t tulajdon√∫ g√©pj√°rm≈± helyett ilyen szolg√°ltat√°sokat vesznek ig√©nybe.",IGEN,"Ebben a j√∂v≈ëk√©pben az egy√©ni g√©pj√°rm≈±haszn√°lat domin√°ns viselked√©s √©s kultur√°lis m√≥d marad, amir≈ël az egy√©nek nem akarnak lemondani.",IGEN,"Ebben a j√∂v≈ëk√©pben ugyan k√ºl√∂nb√∂z≈ë v√°rosr√©szekben k√ºl√∂nb√∂z≈ë √©letm√≥dok ment√©n k√ºl√∂nb√∂z≈ë k√∂zleked√©si ig√©nyek jelennek meg, √©s az √∂nkorm√°nyzat nem mond le teljesen ezek befoly√°sol√°s√°r√≥l, a domin√°ns felfog√°s pedig tov√°bbra is √∂sszek√∂ti az egy√©ni g√©pj√°rm≈± birtokl√°s√°t a magasabb st√°tusszal."
üö∏üöó K√ñZLEKED√âS,"Fel kell k√©sz√ºlni arra, hogy 2040-re j√≥val nagyobbak lesznek a k√∂zleked√©s k√∂lts√©gei.","Sokan azzal sz√°molnak, hogy az energia √°r√°nak emelked√©se √©s a szigorod√≥ kl√≠mav√©delmi szab√°lyok miatt jelent≈ësen megdr√°gul a k√∂zleked√©si rendszer fenntart√°sa. Ha ez √≠gy lesz, akkor √©rdemes m√°r most befektetni a k√∂zleked√©si rendszer ellen√°ll√≥bb√° t√©tel√©be √©s √°tgondolni, ki viseli majd ezeket a terheket. M√°sok szerint lassabb, fokozatosabb v√°ltoz√°sok v√°rhat√≥ak, amihez a jelenlegi k√∂zleked√©si rendszer a technol√≥giai fejl≈ëd√©ssel √©s a gazdas√°gi n√∂veked√©ssel hozz√°igaz√≠that√≥, √≠gy nem kell felforgatni a jelenlegi szok√°sainkat.",IGEN,"Az egy√©nek minim√°lis k√∂zleked√©si k√∂lts√©gekkel szembes√ºlnek, a n√∂vekv≈ë k√∂lts√©gek √∂sszt√°rsadalmi szinten jelentkeznek. Ennek a rendszernek a felk√©sz√≠t√©s√©re, alkalmazkod√≥k√©pess√© t√©tel√©re f√≥kusz√°l a v√°ros.",IGEN,"A k√∂lts√©gek n√∂veked√©s√©re helyben el√©rhet≈ë megold√°sokkal √©s akt√≠v k√∂zleked√©ssel d√∂nt≈ëen az egy√©nek maguk k√©sz√ºlnek fel, illetve az √°rusz√°ll√≠t√°s tekintet√©ben t√∂rt√©nik jelent≈ës befektet√©s az √°t√°ll√°sba.",IGEN,"Ezen az id≈ët√°von m√©g mindig hat√°ssal van a v√°rosra az energia√°rak n√∂veked√©se, mivel ebben a j√∂v≈ëk√©pben a z√∂ld √°t√°ll√°s m√©g nem zajlott le teljesen. A k√∂lts√©gek n√∂veked√©s√©re a fogyaszt√°s √©s a k√∂zleked√©si ig√©nyeik visszafog√°s√°val reag√°lnak az emberek, mik√∂zben k√∂z√∂ss√©gi szinten jelent≈ës er≈ëforr√°sokat ford√≠tanak a fenntarthatatlan, kock√°zatos k√ºls≈ë forr√°sok kiv√°lt√°s√°ra.",NEM RELEV√ÅNS,"A k√∂zleked√©si rendszer √°talak√≠t√°sa igen k√∂lts√©ges √©s b√°r a technol√≥giai fejl≈ëd√©s gyors √ºtem≈±, nincs √°ltal√°nos nyom√°s a verseng≈ë piaci technol√≥giai megold√°sok √°ltal domin√°lt rendszer felk√©sz√≠t√©s√©re. √çgy csak k√©sve √©s k√∂zvetett m√≥don (a szolg√°ltat√°sok megt√©r√ºl√©s√©n, a z√∂ld√ºl≈ë fogyaszt√≥i ig√©nyek miatt) t√∂rt√©nik meg az √°t√°ll√°s.",NEM RELEV√ÅNS,"Az egy√©ni motoriz√°lt k√∂zleked√©s kl√≠maadapt√°ci√≥ja igen k√∂lts√©ges, m√©ghozz√° d√∂nt≈ëen az egy√©nek sz√°m√°ra. Ebben a j√∂v≈ëk√©pben ez csak k√©sve, minim√°lis szab√°lyoz√≥i nyom√°ssal, ink√°bb a n√∂vekv≈ë k√∂lts√©gek hat√°s√°ra, mint el≈ëre felk√©sz√ºlve val√≥sul meg. A k√∂zleked√©si infrastrukt√∫ra b≈ëv√≠t√©se mellett erre nem jutnak forr√°sok, az egy√©ni k√∂lts√©gek n√∂veked√©s√©t a v√°ros m√°s k√∂zszolg√°ltat√°sok fenntart√°s√°val igyekszik kiegyens√∫lyozni.",NEM,"A j√∂v≈ëk√©p egy mennyis√©gi n√∂veked√©sen alapul√≥ gazdas√°gpolitik√°ra √©p√≠t, ami nem sz√°mol azzal, hogy a kibocs√°t√°sn√∂veked√©s, a beruh√°z√°sok n√∂veked√©se √©s a k√∂zleked√©si rendszer kapacit√°sa nem vagy csak irre√°lisan magas k√∂lts√©gekkel lenne b≈ëv√≠thet≈ë."
üèõÔ∏èüëÆ √ÅLLAM,"Az √∂nkorm√°nyzatnak a lehet≈ë legt√°gabb teret kell biztos√≠tania az √∫j, piaci technol√≥gi√°knak a k√∂zleked√©sben.","Sokak szerint a j√°rm≈±megoszt√°s, pl. olyan √ºzleti modell szerint m≈±k√∂d≈ë rendszerek, mint az UBER, az e-rollerek vagy egyes utaz√°stervez≈ë alkalmaz√°sok √°talak√≠thatj√°k a k√∂zleked√©st, ig√©nyre szabott digit√°lis szolg√°ltat√°st, jobb kihaszn√°lts√°got biztos√≠tva, ez√©rt ezeket a szolg√°ltat√≥kat be kell cs√°b√≠tani a v√°rosba. M√°sok szerint ezek csak egy sz≈±k r√©teg sz√°m√°ra biztos√≠tanak megold√°st, megjelen√©s√ºk pedig konfliktusokat okoz, ez√©rt nem t√°mogatj√°k, hogy a v√°rosban akt√≠van √∂szt√∂n√∂zz√©k a jelenl√©t√ºket.",NEM,"Ebben a j√∂v≈ëk√©pben a k√∂z√∂ss√©gi k√∂zleked√©s fejleszt√©se √©lvez els≈ëbbs√©get, a v√°rosi szab√°lyoz√≥nak nem √©rdeke korl√°tlanul lehet≈ës√©get teremteni a sz√°m√°ra konkurenci√°t teremt≈ë √∫j szolg√°ltat√°soknak.",IGEN,"Mik√∂zben az akt√≠v k√∂zleked√©sre tervezett alk√∂zpontok fejleszt√©se a priorit√°s, ezek k√∂z√∂tt, illetve ezekben (mikromobilit√°si eszk√∂z√∂kkel) a v√°ros sz√©les k√∂rben lehet≈ës√©get biztos√≠t piaci technol√≥giai √∫j√≠t√°soknak.",NEM RELEV√ÅNS,"Ebben a j√∂v≈ëk√©pben a hat√©konyabb, k√∂rnyezetk√≠m√©l≈ëbb piaci technol√≥gi√°k sz√©les k√∂rben szabadon terjedhetnek, ugyanakkor bizonyos √ºzleti modellek, etik√°tlan √ºzleti gyakorlatok vagy k√∂rnyezetterhel≈ë megold√°sok ellen jelent≈ës lakoss√°gi tiltakoz√°s alakulhat ki, √≠gy ezek tilt√°s√°ra, korl√°toz√°s√°ra ker√ºlhet sor.",IGEN,"A technokrata j√∂v≈ëk√©pben a piaci szolg√°ltat√°sok szabad versenye √©s innovat√≠v potenci√°lja r√©v√©n k√≠v√°nj√°k elh√°r√≠tani a k√∂zleked√©si rendszer probl√©m√°it, √≠gy ezeket sz√©les k√∂rben t√°mogatj√°k.",NEM,"Az √∫j technol√≥giai megold√°sok az aut√≥s k√∂zleked√©s alternat√≠v√°jak√©nt, gyakran annak infrastruktur√°lis felt√©teleit haszn√°lva jelennek meg (pl. parkol√≥helyek hely√©n dokkol√≥√°llom√°sok), ez√©rt - b√°r bizonyos - az aut√≥s k√∂zleked√©ssel s√∫rl√≥d√°s n√©lk√ºl √∂sszehangolhat√≥ - megold√°sok elterjednek, ""el≈ënyben r√©szes√≠t√©snek"" √©rz√©kelt bevezet√©s√ºket korl√°tozza a t√∂bbs√©g ellen√°ll√°sa.",IGEN,"Ebben a j√∂v≈ëk√©pen az √∫j piaci szolg√°ltat√°soknak a v√°rosvezet√©s - a befektet≈ëk ig√©nyeivel is √∂sszhangban - teret biztos√≠t. A sz√©ttagolt, sodr√≥d√≥ v√°rosi k√∂zleked√©si rendszerben ugyanakkor ezek nem k√©pesek rendszerszint≈± hat√°st kiv√°ltani."
üíÅüèª‚Äç‚ôÄÔ∏èüè† EGY√âN,"Nem el√©g a v√°roslak√≥kat k√∂zvetlen√ºl √©rint≈ë k√∂rnyezeti hat√°sokat csillap√≠tani, ezen t√∫l is √°ldozatokat kell v√°llalni a kl√≠mav√°ltoz√°s megf√©kez√©s√©re.","Akik egyet√©rtenek az √°ll√≠t√°ssal, √∫gy l√°tj√°k: mindent el kell k√∂vetni a glob√°lis felmeleged√©s m√©rs√©kl√©s√©√©rt. Szerint√ºk ez kell √°thassa a telep√ºl√©s d√∂nt√©seit, ez√©rt nem szabad szennyez≈ë √ºzemeket enged√©lyezni, vagy √∫j, nagy forgalm√∫ utakat √©p√≠teni, ellenben ahol lehet z√∂ld√≠teni, erd≈ës√≠teni kell akkor is, ha ez k√∂lts√©ges vagy ellene megy a gazdas√°g szempontjainak. M√°sok szerint elegend≈ë, ha az itt √©l≈ë embereket √©r≈ë k√∂rnyezeti k√°rokat m√©rs√©kelj√ºk, az eg√©szs√©g√ºgyi hat√°sokat kompenz√°ljuk √©s a telep√ºl√©s √©lhet≈ës√©g√©t √©s versenyk√©pess√©g√©t tartjuk szem el≈ëtt.",NEM RELEV√ÅNS,"A k√∂z√∂ss√©gi k√∂zleked√©s m≈±k√∂dtet√©s√©ben, rendszerszinten √©rv√©nyes√ºlnek a k√∂rnyezetk√≠m√©l≈ë j√≥ gyakorlatok, de ebben a j√∂v≈ëk√©pben a f≈ë c√©l a megfizethet≈ë k√∂zleked√©s √°tfog√≥ biztos√≠t√°sa, nincs ezen t√∫lmutat√≥ t√∂rekv√©s glob√°lis k√∂rnyezeti c√©lok teljes√≠t√©s√©re.",NEM,"Ugyan ebben a j√∂v≈ëk√©pben a v√°ros lak√≥i k√∂rnyezettudatosak, tiszt√°ban vannak a k√∂zleked√©s√ºk k√∂rnyezeti hat√°saival √©s ennek alapj√°n v√°lasztanak k√∂zleked√©si m√≥dokat, ugyanakkor a magas j√≥l√©tet √©s fogyaszt√°si sz√≠nvonalat biztos√≠t√≥ √©letm√≥d visszafog√°s√°t, korl√°toz√°s√°t csak kevesen t√°mogatn√°k.",IGEN,"A t√∂bbs√©g √©rz√©kenys√©ge √©s tudatoss√°ga miatt ebben a j√∂v≈ëk√©pben hangs√∫lyos szerepet kap a kl√≠mav√°ltoz√°s elleni k√ºzdelem, ez√©rt az √∂nkorm√°nyzat √©s a helyi k√∂z√∂ss√©gek is folyamatosan dolgoznak ki megold√°sokat a mindennapi √©let k√°ros k√∂rnyezeti hat√°s√°nak cs√∂kkent√©s√©re (""z√©r√≥ emisszi√≥"").",NEM,"Mik√∂zben a v√°llalatok k√≠n√°lta √∫j technol√≥giai megold√°sok egyike-m√°sika tekintettel van a kl√≠mav√©delem szempontjaira, a rendszer eg√©sze a fogyaszt√°s √©s a szolg√°ltat√°si ig√©ny maximaliz√°l√°s√°ra t√∂rekszik.",NEM,"A v√°ros lak√≥iban alacsony a tudatoss√°g az √©letm√≥d √©s a k√∂zleked√©s (glob√°lis) √∂sszef√ºgg√©sei ir√°nt, jellemz≈ëen a k√∂zvetlen hat√°sok csillap√≠t√°sa (pl. zajv√©delem) vagy kompenz√°ci√≥ja (pl. ny√≠l√°sz√°r√≥k cser√©je lak√≥√©p√ºletekben) mer√ºl fel ig√©nyk√©nt.",NEM,"A v√°ros lak√≥iban alacsony a tudatoss√°g az √©letm√≥d √©s a k√∂zleked√©s (glob√°lis) √∂sszef√ºgg√©sei ir√°nt. A v√°rosnak van z√∂ld strat√©gi√°ja √©s ind√≠t k√ºl√∂nb√∂z≈ë pl. f√°s√≠t√°si, energiahat√©konys√°gi programokat, de √∂sszess√©g√©ben a v√°ros √∂kol√≥giai l√°bnyom√°t ezek nem cs√∂kkentik."
üíÅüèª‚Äç‚ôÄÔ∏èüè† EGY√âN,"2040-ben az emberek rugalmasabb munka√≥r√°kban vagy otthonr√≥l dolgoznak majd, √©s leggyakrabban digit√°lisan fognak √©rintkezni egym√°ssal.","Amennyiben ez az √°ll√≠t√°s val√≥ra v√°lik, az hat√°ssal lesz arra, hogyan √©s mennyit k√∂zleked√ºnk 2040-ben a v√°rosban. A t√°vmunka cs√∂kkenti a napi ing√°z√°st a munkahelyre, de a rugalmasabb munka√≥r√°k kisz√°m√≠thatatlanabb√° is teszik a forgalmat. Ez a hat√°s ipar√°gank√©nt is v√°ltoz√≥: a szolg√°ltat√≥iparban nagyobb, az iparban, turizmusban kisebb lesz a jelent≈ës√©ge.",NEM,Ebben a j√∂v≈ëk√©pben a digitaliz√°ci√≥ nincs √©rdemi hat√°ssal a k√∂zleked√©si szok√°sainkra: a munkav√©gz√©s tov√°bbra is d√∂nt≈ëen szem√©lyesen zajlik √©s a szabadid≈ës tev√©kenys√©geinket is a maihoz hasonl√≥ form√°ban v√©gezz√ºk.,IGEN,"Ez a j√∂v≈ëk√©p felt√©telezi a k√∂zleked√©si ig√©nyek cs√∂kken√©s√©t nemcsak amiatt, mert sok minden helyben el√©rhet≈ëv√© v√°lik, de az√©rt is, mert az √©letm√≥d √©s az ig√©nybe vett szolg√°ltat√°sok √°talakul√°s√°val kevesebb sz√ºks√©g van ing√°z√°sra, nagyobb t√°vols√°gok megt√©tel√©re. Ennek egy r√©sze a digitaliz√°ci√≥ √©s a t√°vmunka is.",NEM RELEV√ÅNS,"Ebben a j√∂v≈ëk√©pben a digit√°lis jelenl√©t √∂nk√©ntes cs√∂kkent√©se, a szem√©lyk√∂zi viszonyok (k√∂z√∂ss√©gi egy√ºttl√©t) fel√©rt√©kel≈ëd√©se val√≥sul meg. Ugyanakkor a munka vil√°ga rugalmasabb√° v√°lik, ami n√©mileg cs√∂kkentheti a megtett utak mennyis√©g√©t, ez azonban kev√©sb√© jelent≈ës a min≈ës√©gi √°talakul√°shoz k√©pest.",IGEN,"A j√∂v≈ëk√©p k√∂zponti eleme a - kifejezetten √∂szt√∂nz√∂tt - digitaliz√°ci√≥, ami sz√°mos, ma m√©g fizikai megold√°st √©s utaz√°st ig√©nyl≈ë feladatot, √ºgyint√©z√©st kiv√°lt az oktat√°st√≥l a hivatali √ºgyekig. Bizonyos √°gazatokban terjed a t√°vmunka is, √©s a main√°l is t√∂bb szabadid≈ës, √©rintkez√©si forma ker√ºl √°t az online t√©rbe.",NEM RELEV√ÅNS,"Ebben a j√∂v≈ëk√©pben nem ker√ºl sor a t√°vmunka, t√°voktat√°s t√∂meges bevezet√©s√©re vagy kifejezett √∂szt√∂nz√©s√©re, ez csak bizonyos szektorokban, organikusan val√≥sul meg. A h√©tk√∂znapi √©letben m√©g t√∂bb k√ºty√ºvel tal√°lkozunk, mint ma, de a szabadid≈ës programokhoz nagy val√≥sz√≠n≈±s√©ggel aut√≥ba kell √ºlni √©s a v√°ros egy m√°sik pontj√°ra utazni.",NEM,"Ebben a j√∂v≈ëk√©pben a digitaliz√°ci√≥ nincs √©rdemi hat√°ssal a k√∂zleked√©si szok√°sainkra: a v√°rosban olyan szektorok domin√°nsak, ahol a munkav√©gz√©s tov√°bbra is d√∂nt≈ëen szem√©lyesen zajlik √©s a szabadid≈ës tev√©kenys√©geinket is a maihoz hasonl√≥ form√°ban v√©gezz√ºk."
üèõÔ∏èüëÆ √ÅLLAM,A v√°ros versenyk√©pess√©ge √©rdek√©ben a munkahelyteremt≈ë v√°llalatok √©s az ingatlanbefektet≈ëk ig√©nyeit kell el≈ët√©rbe helyeznie a k√∂zleked√©si fejleszt√©sekn√©l.,"Az √°ll√≠t√°ssal egyet√©rt≈ëk szerint a v√°ros fellend√ºl√©s√©nek garanci√°ja a nagyv√°llalatok¬†bevonz√°sa, hiszen ez munkahelyeket teremt, ad√≥bev√©telt gener√°l √©s a v√°rosk√©p meg√∫j√≠t√°s√°hoz is hozz√°j√°rul. Szerint√ºk megt√©r√ºl, ha a v√°ros saj√°t k√∂lts√©gen √∫j befektet√©si ter√ºleteket alak√≠t ki, ahol gy√°rak, lak√°sok √©p√ºlhetnek. M√°sok szerint nem szabad a gazdas√°gi √©rdekeket el≈ët√©rbe helyezni, hanem a helyben √©l≈ëk sz√°m√°ra ny√∫jtott szolg√°ltat√°sokra kell koncentr√°lni, az infrastrukt√∫ra fejleszt√©s√©be pedig be kell vonni az ebb≈ël profit√°l√≥ c√©geket.",NEM RELEV√ÅNS,"Ebben a j√∂v≈ëk√©pben nincs egy√©rtelm≈± els≈ëbbs√©ge a gazdas√°gi √©rdekeknek: a v√°ros tudatosan, strat√©gikus m√≥don fejleszti saj√°t k√∂zleked√©si rendszer√©t, szolg√°ltat√°sa sz√≠nvonal√°t. Ugyanakkor nincs er≈ës v√°rosfejleszt√©si v√≠zi√≥ja, √≠gy a beruh√°z√°sok gerjesztette folyamatok befoly√°solhatj√°k, elt√©r√≠thetik, kih√≠v√°sok el√© √°ll√≠thatj√°k a v√°rost c√©ljai el√©r√©s√©ben. A befektet≈ëk ugyanakkor f≈ë finansz√≠roz√≥i a fejlett k√∂zleked√©si rendszernek.",NEM,"Ebben a j√∂v≈ëk√©pben egy m√≥dszeresen v√©gigvitt v√°rosfejleszt√©si koncepci√≥hoz igazodnak gazdas√°gi szerepl≈ëk, ennek keretei k√∂z√∂tt fogadj√°k a befektet√©seket.",NEM,"Ebben a j√∂v≈ëk√©pben a fejl≈ëd√©s fenntarthat√≥, min≈ës√©gi indik√°torai ker√ºlnek el≈ët√©rbe, gazdas√°gi √©rdekek csak ezzel √∂sszef√ºgg√©sben j√∂hetnek sz√≥ba.",IGEN,"A v√°ros egy innovat√≠v, a piaci szerepl≈ëk sz√°m√°ra vonz√≥ kreat√≠v k√∂zpont szerep√©re t√∂r, amely kifejezetten t√∂rekszik tud√°sipari, szolg√°ltat√≥ipari beruh√°z√°sok bevonz√°s√°ra l√°tv√°nyos, a befektet≈ëk sz√°m√°ra a v√°rost pozicion√°l√≥ beruh√°z√°sokkal.",NEM RELEV√ÅNS,"Ebben a j√∂v≈ëk√©pben nincs egy√©rtelm≈± eltol√≥d√°s a lakoss√°gi k√∂zleked√©si ig√©nyek fel≈ël a befektet≈ëi vagy gazdas√°gi ig√©nyek fel√©: a v√°ros a megl√©v≈ë k√∂zleked√©si rendszer m≈±k√∂d≈ëk√©pess√©g√©t igyekszik fenntartani, kiszolg√°lva a r√∂gz√ºlt lakoss√°gi ig√©nyeket.",IGEN,"Ebben a j√∂v≈ëk√©pben els≈ëdleges, hogy folyamatosan l√©trej√∂jjenek √∫j lehet≈ës√©gek az ipar √©s az ingatlanfejleszt≈ëk sz√°m√°ra. Ez indokolja az ipari parkok √©s barnamez≈ës ter√ºletek infrastrukt√∫r√°j√°nak lakoss√°g √°ltal haszn√°lt k√∂zleked√©si infrastrukt√∫r√°t meghalad√≥ √ºtem≈± fejleszt√©s√©t. B√°r mindez partners√©gben t√∂rt√©nik a befektet≈ëkkel, a v√°ros befektet√©sk√©nt tekint a sz√°mukra biztos√≠tott fejleszt√©sekre."
üö¶üö∂üèª‚Äç‚ôÄÔ∏è K√ñZT√âR,"A kl√≠mav√°ltoz√°s hat√°saira k√©sz√ºlve cs√∂kkenteni kell a burkolt fel√ºletek ar√°ny√°t, b≈ëv√≠teni a z√∂ldfel√ºleteket ak√°r a jelenleg parkol√≥k√©nt haszn√°lt terek rov√°s√°ra is.","Ehhez √°t kell alak√≠tani a jelenleg parkol√≥k√©nt haszn√°lt telkeket, burkolt k√∂ztereket, v√©delmet biztos√≠tva a h≈ëszigethat√°s √©s az extr√©m csapad√©k √°ltal okozott vill√°m√°rvizek ellen. Sokak szerint ezeket az int√©zked√©seket m√°r most el kell kezdeni, mivel ezek a hat√°sok egyre er≈ësebbek. M√°sok szerint egyel≈ëre a k√∂zleked√©st jobban g√°toln√°k ezek a beavatkoz√°sok, mint amennyi hasznot jelentenek.",NEM RELEV√ÅNS,"Ebben a j√∂v≈ëk√©pben a k√∂z√∂ss√©gi k√∂zleked√©s utasforgalm√°nak k√©nyelme √©rdek√©ben t√∂rt√©nnek ugyan kisebb beavatkoz√°sok a nagy gyalogosforgalmat bonyol√≠t√≥ helyeken, amelyek z√∂ld√≠tik, √°rny√©kosabb√° teszik a k√∂ztereket, de √∂sszess√©g√©ben nem cs√∂kken √©rdemben a burkolt ter√ºletek ar√°nya.",IGEN,"Ebben a j√∂v≈ëk√©pben els≈ëdleges szempont a k√∂zter√ºletek √©lhet≈ës√©g√©nek jav√≠t√°sa, valamint az eg√©szs√©gesebb, z√∂ldebb, √°rny√©kosabb, gyalogosan j√≥l k√∂zlekedhet≈ë terek kialak√≠t√°sa.",IGEN,"Ebben a j√∂v≈ëk√©pben a kl√≠maadapt√°ci√≥ mellett √©rdemi t√∂rekv√©s van pl. a biol√≥giai sokf√©les√©g el≈ëseg√≠t√©s√©re, a csapad√©kv√≠z megk√∂t√©s√©re, a k√©k-z√∂ld infrastrukt√∫ra sokoldal√∫ fejleszt√©s√©re.",NEM RELEV√ÅNS,"Ebben a j√∂v≈ëk√©pben a k√∂zleked√©si ig√©nyek nem teszik lehet≈ëv√© a k√∂zter√ºletek ilyen t√≠pus√∫ √°talak√≠t√°s√°t. B√°r v√°rosszerte vannak kreat√≠v z√∂ld√≠t≈ë megold√°sok, √∂sszess√©g√©ben ezek nem teszik √©rdemben √©lhet≈ëbb√© a v√°rosi tereket a nagy ny√°ri h≈ëhull√°mok idej√©n.",NEM,Ebben a j√∂v≈ëk√©pben a k√∂zleked√©si ig√©nyek nem teszik lehet≈ëv√© a k√∂zter√ºletek ilyen t√≠pus√∫ √°talak√≠t√°s√°t. ,NEM RELEV√ÅNS,"Ebben a j√∂v≈ëk√©pben a k√∂zleked√©si ig√©nyek csup√°n a v√°ros n√©h√°ny utc√°j√°ban, √∫j negyed√©ben teszik lehet≈ëv√© a k√∂zter√ºletek ilyen t√≠pus√∫ √°talak√≠t√°s√°t, ez nem tekinthet≈ë egy√©rtelm≈± ir√°nynak."
üèõÔ∏èüëÆ √ÅLLAM,"Helyes, ha az √©vtized v√©g√©ig sor ker√ºl a legink√°bb szennyez≈ë g√©pj√°rm≈±vek korl√°toz√°s√°ra, kitilt√°s√°ra.","M√°s v√°rosok m√°r l√©trehoztak alacsony k√°rosanyag-kibocs√°t√°s√∫ z√≥n√°kat, ahov√° a legink√°bb szennyez≈ë j√°rm≈±vek nem hajthatnak be. A jogi lehet≈ës√©gek f√ºggv√©ny√©ben egyesek szerint a v√°rosnak is t√∂rekednie kellene e j√°rm≈±vek fokozatos kitilt√°s√°ra, vagy a CO2 kibocs√°t√°s alapj√°n magasabb d√≠jak fizet√©s√©re. M√°sok szerint nem szabad b√ºntetni ezen j√°rm≈±vek tulajdonosait, meg kell v√°rni, hogy ezek magukt√≥l elt≈±njenek az utakr√≥l.",NEM RELEV√ÅNS,"Ebben a j√∂v≈ëk√©pben a v√°ros nem tilt√°ssal √©s korl√°toz√°ssal, hanem puha √∂szt√∂nz≈ëkkel igyekszik el√©rni, hogy min√©l t√∂bben a k√∂z√∂ss√©gi k√∂zleked√©st v√°lassz√°k. A k√∂lts√©gek n√∂vel√©se ugyanakkor felmer√ºlhet.",NEM RELEV√ÅNS,"A g√©pj√°rm≈±forgalom a k√∂zponti r√©szekb≈ël √°ltal√°nosan kiszorul, itt a gyalogosok√© √©s a ker√©kp√°rosok√© az els≈ëbbs√©g. A hosszabb t√°v√∫ utak eset√©ben a v√°ros nem korl√°tozza az ilyen g√©pj√°rm≈±vek haszn√°lat√°t.",IGEN,"Ebben a j√∂v≈ëk√©pben a k√∂rnyezeti szempontok √©rv√©nyes√≠t√©se els≈ëdleges, ezek a j√°rm≈±vek m√°r nem k√∂zlekedhetnek a s≈±r≈±n lakott r√©szeken, illetve fenntart√°suk eleve k√∂lts√©gesebb.",IGEN,"Ebben a j√∂v≈ëk√©pben a k√∂zleked√©s z√∂ld√≠t√©se a szolg√°ltat√°sok k√∂zti verseny egyik t√©nyez≈ëje. Mivel l√©tezik nyom√°s az ipar√°gi szerepl≈ëk r√©sz√©r≈ël az elektromos √°t√°ll√°sra, illetve az er≈ësebb piaci szerepl≈ëk ilyen m√≥don is el≈ënyh√∂z akarnak jutni, elk√©pzelhet≈ë, hogy ilyen korl√°toz√≥ int√©zked√©sek bevezet√©sre ker√ºlnek.",NEM,"Ebben a j√∂v≈ëk√©pben jelent≈ës ellen√°ll√°st v√°ltana ki egy ilyen int√©zked√©s, ez√©rt ezek a j√°rm≈±vek csak lassan t≈±nnek el az utakr√≥l.",IGEN,"Ebben a j√∂v≈ëk√©pben elk√©pzelhet≈ë egy tervszer≈±, el≈ëre bejelentett, hosszabb t√°von √©rv√©nyes√≠tett korl√°toz√°s, √∂sszekapcsolva a k√∂rnyezetbar√°tabb j√°rm≈±vekhez ny√∫jtott t√°mogat√°ssal, hiszen ez el≈ëny√∂s a gazdas√°gi szerepl≈ëk sz√°m√°ra is."
üèõÔ∏èüëÆ √ÅLLAM,"Amennyiben a sz√°ll√≥ por koncentr√°ci√≥ja tart√≥san meghaladja az eg√©szs√©g√ºgyi hat√°r√©rt√©ket, korl√°tozni kell a bels≈ë √©g√©s≈± motoros aut√≥k k√∂zleked√©s√©t.","Az int√©zked√©s bevezet√©s√©nek k√∂lts√©ge a gyakran sz√°ll√≥pornak nevezett, eg√©szs√©gre vesz√©lyes mikror√©szecsk√©k monitoringrendszer√©nek fejleszt√©se √©s kamerarendszer ki√©p√≠t√©se, illetve a k√∂z√∂ss√©gi k√∂zleked√©s kapacit√°sb≈ëv√≠t√©se. A korl√°toz√°s pl. Euro motor besorol√°s, vagy a j√°rm≈± √©letkora alapj√°n t√∂rt√©nhet. Az int√©zked√©s eg√©szs√©g√ºgyi hasznai v√°rhat√≥an meghaladj√°k a kiad√°sokat, de kellemetlens√©get okoz azoknak, akiket √©rint a korl√°toz√°s.",IGEN,"Ebben a j√∂v≈ëk√©pben l√©tezik protokoll arra n√©zve, hogy ilyen esetben milyen m√≥don lehet (a k√∂z√∂ss√©gi k√∂zleked√©sre t√°maszkodva) korl√°toz√°sokat bevezetni.",IGEN,Ebben a j√∂v≈ëk√©pben behajt√°si korl√°toz√°sokkal √©s intenz√≠v t√°j√©koztat√°ssal zajl√≥ protokoll indul be az √©rintett z√≥n√°kban.,IGEN,"Ebben a j√∂v≈ëk√©pben eleve l√©teznek alacsony k√°rosanyag-kibocs√°t√°s√∫ z√≥n√°k, √©s intenz√≠v figyelem √∂vezi a leveg≈ëmin≈ës√©get, a hat√°r√©rt√©k meghalad√°s√°ra pedig szigor√∫ protokoll vonatkozik.",IGEN,"Ebben a j√∂v≈ëk√©pben l√©tezik protokoll arra n√©zve, hogy ilyen esetben milyen m√≥don lehet korl√°toz√°sokat bevezetni. Ez √©rdemben korl√°toz bizonyos j√°rm≈±veket, de tekintettel van a gazdas√°g m≈±k√∂d√©s√©nek fenntart√°s√°ra.",NEM,"Komoly ellen√°ll√°st v√°ltott ki a lakoss√°g k√∂r√©ben a szmogriad√≥ terve, √≠gy jelenleg csak t√°j√©koztat√°s t√∂rt√©nik, illetve a v√°rosvezet√©s √≠g√©ri, hogy a j√∂v≈ëben t√°mogat√°st fog ny√∫jtani a legink√°bb szennyez≈ë, k√©tezres √©vekben gy√°rtott aut√≥k lecser√©l√©s√©re.",NEM RELEV√ÅNS,"B√°r form√°lisan l√©tezik protokoll, amely ilyen esetben lehet≈ëv√© tenn√© a legink√°bb probl√©m√°s j√°rm≈±vek kivon√°s√°t a forgalomb√≥l, ez a gyakorlatban kevesek sz√°m√°ra ismert, tiszt√°zatlan szab√°lyokat tartalmaz √©s m√©g nem ker√ºlt haszn√°latra."
üö∏üöó K√ñZLEKED√âS,A ritk√°bban lakott k√ºls≈ë v√°rosr√©szek √©s agglomer√°ci√≥s telep√ºl√©sek k√∂zleked√©s√©ben bel√°that√≥ id≈ën bel√ºl nincs alternat√≠v√°ja az aut√≥haszn√°latnak.,"Az √°ll√≠t√°ssal egyet√©rt≈ëk k√∂z√ºl sokan √∫gy gondolj√°k, el kell fogadni, hogy a v√°ros sz√°mos ritk√°bban lakott negyed√©ben nem lehet hat√©kony, versenyk√©pes k√∂z√∂ss√©gi k√∂zleked√©st biztos√≠tani, vagy azt m√°s mikromobilit√°si eszk√∂z√∂kkel kombin√°lni. M√°sok szerint az √∂nkorm√°nyzatnak t√∂rekednie kell arra, hogy a k√∂z√∂ss√©gi k√∂zleked√©s mindenhol re√°lis alternat√≠va legyen az aut√≥hoz k√©pest.",NEM,"A v√°ros a k√∂zleked√©sszervez√©s √©s a k√∂lts√©gek meg√°llap√≠t√°sa sor√°n arra t√∂rekszik, hogy a k√∂z√∂ss√©gi k√∂zleked√©st a napi haszn√°latban vonz√≥bb√° tegye els≈ësorban az egy√©ni aut√≥haszn√°lathoz k√©pest.",NEM RELEV√ÅNS,"Ebben a j√∂v≈ëk√©pben a lak√≥negyedek gyalogos, ker√©kp√°ros bej√°rhat√≥s√°ga priorit√°s, ugyanakkor az alk√∂zpontok k√∂z√∂tt az aut√≥haszn√°lat sz√°mottev≈ë - √©s n√©h√°ny esetben kiv√°lthatatlan - marad.",NEM,"Ebben a j√∂v≈ëk√©pben a v√°ros nem terjeszkedik olyan m√≥don, hogy az n√©lk√ºl√∂zhetetlenn√© tenn√© a mindennapos aut√≥haszn√°latot. A t√∂bbs√©g a k√∂z√∂ss√©gi k√∂zleked√©ssel √©s ker√©kp√°rral j√≥l megk√∂zel√≠thet≈ë v√°rosr√©szek fel√© mozdul, a k√∂z√∂ss√©gi k√∂zleked√©s fejleszt√©s√©n√©l pedig kifejezetten szempont, hogy mindenhol alternat√≠v√°t teremtsenek az aut√≥haszn√°latnak.",IGEN,"K√≠s√©rleti jelleggel megjelennek olyan megold√°sok, amelyek az egy√©ni aut√≥haszn√°latot hivatottak kiv√°ltani ritk√°bban lakott, k√ºls≈ë v√°rosr√©szekben, egy√©ni ig√©nyalap√∫ k√∂z√∂ss√©gi eszk√∂z√∂kkel, de √∂sszess√©g√©ben sok ember sz√°m√°ra, pl. a centraliz√°lt szolg√°ltat√°sok el√©r√©s√©hez.",IGEN,A kev√©s helyben el√©rhet≈ë szolg√°ltat√°s √©s a k√∂z√∂ss√©gi k√∂zleked√©s fejletlens√©ge miatt a legt√∂bb ilyen v√°rosr√©szben nincs alternat√≠v√°ja az aut√≥haszn√°latnak.,IGEN,"A koncentr√°lt szolg√°ltat√°sok √©s az √∫j ingatlanfejleszt√©seket nem lek√∂vet≈ë k√∂z√∂ss√©gi k√∂zleked√©s miatt sz√°mos olyan pontja van a v√°rosnak, ahol az aut√≥ a kiz√°r√≥lagos k√∂zleked√©si forma."
üèõÔ∏èüëÆ √ÅLLAM,A k√∂zleked√©sszervez√©si d√∂nt√©seket az √©rintett lakosok akt√≠v bevon√°s√°val kell meghozni.,"Sokak szerint a j√≥ v√°rospolitik√°hoz az √©rintettek akt√≠v r√©szv√©tel√©re van sz√ºks√©g a d√∂nt√©shozatalban. Ehhez az √∂nkorm√°nyzatnak √∂szt√∂n√∂znie kell az egy√©nek √©s k√∂z√∂ss√©gek aktivit√°s√°t a k√∂z√ºgyekben √©s szakszer≈±en becsatorn√°zni az √°ll√°spontjukat. Ez igen k√∂lts√©ges, √©s sok t√©nyez≈ët≈ël f√ºgg, milyen szint≈± aktivit√°s v√°rhat√≥ az emberekt≈ël. Ez√©rt vannak, akik szerint √°tfog√≥ v√°rospolitikai koncepci√≥k alapj√°n r√©szv√©telis√©g helyett ink√°bb szak√©rt≈ëknek kell a d√∂nt√©seket meghozni, ak√°r az √©rintett helysz√≠n lakosainak akarata ellen√©re is k√∂vetve a kit≈±z√∂tt c√©lokat, ha az k√∂z√∂ss√©gi szinten el≈ëny√∂sebb helyzetet teremt.",NEM,"Ebben a j√∂v≈ëk√©pben a lakoss√°g biztons√°gra t√∂rekv≈ë, de passz√≠v √©rt√©kv√°laszt√°s√°ra alapozva k√∂zpontilag, tervszer≈±en, fel√ºlr≈ël sz√ºletnek meg a k√∂zleked√©spolitikai d√∂nt√©sek.",IGEN,"Ebben a j√∂v≈ëk√©pben a v√°ros kiemelten fontosnak tartja, hogy a k√∂zterek kialak√≠t√°s√°ba a lakosok belesz√≥ljanak, √∂n√°ll√≥ r√©szv√©teli oszt√°ly v√©gzi a d√∂nt√©sek t√°rsadalmas√≠t√°s√°t.",IGEN,"Ebben a j√∂v≈ëk√©pben a v√°ros kiemelten fontosnak tartja, hogy a k√∂zterek kialak√≠t√°s√°ba a lakosok belesz√≥ljanak, √∂n√°ll√≥ r√©szv√©teli oszt√°ly v√©gzi a d√∂nt√©sek t√°rsadalmas√≠t√°s√°t, √©s akt√≠v civil, k√∂z√∂ss√©gi nyom√°sgyakorl√≥ csoportok m≈±k√∂dnek a v√°rosban.",NEM RELEV√ÅNS,"Ebben a j√∂v≈ëk√©pben az egy√©nek els≈ësorban fogyaszt√≥k, akik a v√°s√°rl√°si d√∂nt√©seikkel √©s adataikkal adnak inform√°ci√≥t a d√∂nt√©shoz√≥knak az ig√©nyeikr≈ël. Ez azonban nem csatorn√°z√≥dik be nyitott, bevon√≥, demokratikus elj√°r√°sokba.",NEM,"Ebben a j√∂v≈ëk√©pben a t√∂bbs√©gi v√©lem√©ny a k√©pviseleti demokr√°cia int√©zm√©nyein kereszt√ºl jut √©rv√©nyre, alapvet≈ëen a v√°rosi k√©pvisel≈ëk k√∂zvet√≠tik v√°laszt√≥ik v√©lt vagy val√≥s √©rdekeit.",NEM,"Ebben a j√∂v≈ëk√©pben a lakosok √©rdeke mellett sz√°mos m√°s, szervezett √©rdekcsoport form√°lja a k√∂zpolitikai d√∂nt√©seket. Ezek k√∂z√ºl kiemelked≈ëen fontosak a helyi nagyad√≥z√≥ v√°llalatok √©s az ingatlanbefektet≈ëk, akik k√©pesek fel√ºl√≠rni ak√°r a helyiek kinyilv√°n√≠tott akarat√°t is."
üíÅüèª‚Äç‚ôÄÔ∏èüè† EGY√âN,El√©rhet≈ëv√© kell tenni a k√∂z√∂ss√©gi √©let sz√≠ntereit minden v√°rosr√©szben.,"A k√∂z√∂ss√©gi programok sz√°m√°ra a turisztikai szempontb√≥l legfrekvent√°ltabb, l√°tnival√≥khoz √©s belv√°roshoz k√∂t≈ëd≈ë helysz√≠nek logikus v√°laszt√°snak t≈±nnek. Vannak azonban, akik szerint biztos√≠tani kell a teraszokat, mikroparkokat, s√©t√°l√≥utc√°kat, k√∂z√∂ss√©gi h√°zakat minden negyedben, √©s szerencs√©sebb, ha a v√°rosi rendezv√©nyek √©s esem√©nyek sem koncentr√°l√≥dnak a belv√°rosba.",NEM,A k√∂z√∂ss√©gi k√∂zleked√©ssel j√≥l megk√∂zel√≠thet≈ë k√∂zponti v√°rosnegyedekben √∂sszpontosulnak a programlehet≈ës√©gek.,IGEN,"Ebben a j√∂v≈ëk√©pben kifejezett priorit√°s, hogy a lak√≥hely k√∂zel√©ben programok √©s k√∂z√∂ss√©gek sz√©les k√≠n√°lata legyen el√©rhet≈ë.",IGEN,Ebben a j√∂v≈ëk√©pben az √∂nszervez≈ëd≈ë k√∂z√∂ss√©gek sz√°mos aktivit√°st k√≠n√°lnak v√°rosszerte.,NEM,"Ebben a j√∂v≈ëk√©pben a programlehet≈ës√©gek az √∫jonnan √©p√ºlt tud√°sk√∂zpontokba, kultur√°lis sz√≠nterekbe √∂sszpontosulnak. Azokban a v√°rosr√©szekben, ahol nincs piack√©pes kereslet, nem j√∂nnek l√©tre k√∂z√∂ss√©gi tev√©kenys√©gek.",NEM,"Ebben a j√∂v≈ëk√©pben az aut√≥val √©rkez≈ë v√°s√°rl√≥kra f√≥kusz√°l√≥ bev√°s√°rl√≥- √©s szolg√°ltat√≥ k√∂zpontok, illetve a belv√°ros k√≠n√°l n√©h√°ny csom√≥pontban ilyen programlehet≈ës√©geket. Az agglomer√°ci√≥ban esetleges, hogy kialakulnak-e √©l≈ë k√∂z√∂ss√©gek.",NEM,"Ebben a j√∂v≈ëk√©pben az aut√≥val √©rkez≈ë v√°s√°rl√≥kra f√≥kusz√°l√≥ bev√°s√°rl√≥- √©s szolg√°ltat√≥ k√∂zpontok, illetve a belv√°ros k√≠n√°l n√©h√°ny csom√≥pontban ilyen programlehet≈ës√©geket. A szeg√©nyebb v√°rosr√©szekben kev√©s szolg√°ltat√°s √©s programhelysz√≠n √©l meg."
üèõÔ∏èüëÆ √ÅLLAM,Az √∂nkorm√°nyzat kiemelt feladata biztos√≠tani a magas sz√≠nvonal√∫ k√∂z√∂ss√©gi k√∂zleked√©st az eg√©sz v√°rosban.,"Egy v√°rosszerte kisz√°m√≠that√≥ menetrenddel, egys√©gesen magas szolg√°ltat√°si sz√≠nvonalon m≈±k√∂d≈ë, fenntarthat√≥ h√°l√≥zat kialak√≠t√°sa a v√°ros k√∂lts√©gvet√©s√©nek jelent≈ës r√©sz√©t felem√©sztheti. Az √°ll√≠t√°ssal egyet√©rt≈ëk szerint ez megt√©r√ºl≈ë befektet√©s, mivel a k√∂zleked√©si rendszer csak k√∂z√∂ss√©gi szinten szervezhet≈ë meg optim√°lisan. M√°sok szerint a v√°rosnak m√°shov√° kellene √∂sszpontos√≠tania az er≈ëforr√°sait. Szerint√ºk egy kisebb, hat√©konyan m≈±k√∂dtethet≈ë h√°l√≥zat fenntart√°sa mellett r√° kell b√≠zni az √°llamra, a piaci szolg√°ltat√≥kra √©s az egy√©nekre a k√∂zleked√©s√ºket.",IGEN,"Ebben a j√∂v≈ëk√©pben a v√°rosvezet√©s egy√©rtelm≈± k√∂zleked√©spolitikai priorit√°sa a magas sz√≠nvonal√∫, kiterjedt k√∂z√∂ss√©gi k√∂zleked√©si rendszer biztos√≠t√°sa. A rendszerbe bevon alv√°llalkoz√≥kat, de egys√©ges szolg√°ltat√°si sz√≠nvonalat v√°r el, koordin√°lt rendszerben.",NEM,"Ebben a j√∂v≈ëk√©pben a v√°rosvezet√©s a kompakt v√°rosnegyedek szintj√©n az akt√≠v k√∂zleked√©st r√©szes√≠ti el≈ënyben, ezek k√∂z√∂tt viszont alacsony hat√©konys√°g√∫ (magas k√∂lts√©ggel j√°r√≥) k√∂z√∂ss√©gi k√∂zleked√©st alig tart fenn. N√©h√°ny busz- √©s villamosvonal kiv√©tel√©vel mag√°nszolg√°ltat√≥k m≈±k√∂dnek.",IGEN,"Ebben a j√∂v≈ëk√©pben a v√°ros az alacsonyabb k√∂zleked√©si ig√©nyekhez igazod√≥, de magas min≈ës√©g≈±, hat√©kony elektromos k√∂z√∂ss√©gi k√∂zleked√©st - illetve ehhez kapcsol√≥d√≥ mikromobilit√°si h√°l√≥zatot - tart fenn. Csak szigor√∫ felt√©telekkel, a k√∂rnyezeti hat√©konys√°gra √©s a szolg√°ltat√°s min≈ës√©g√©re, biztons√°g√°ra tekintettel ny√∫jthatnak mag√°nc√©gek szolg√°ltat√°st, jelenl√©t√ºk ez√©rt nem sz√°mottev≈ë. A v√°ros sz√°mos perif√©rikus v√°rosr√©szben ny√∫jt nem hat√©kony k√∂z√∂ss√©gi k√∂zleked√©si szolg√°ltat√°st k√∂rnyezeti √©s szoci√°lis szempontok alapj√°n.",NEM,"Az elm√∫lt √©vtizedekben a k√∂z√∂ss√©gi k√∂zleked√©s privatiz√°l√°sa t√∂rt√©nt meg. A k√∂zleked√©s ter√ºlet√©n az √∂nkorm√°nyzat ink√°bb koordin√°l√≥ feladatokat l√°t el az egy√©ni, k√∂z√∂ss√©gi √©s piaci megold√°sok t√°mogat√°s√°ra. Igen korl√°tozott saj√°t szolg√°ltat√°st ny√∫jt, a szolg√°ltat√°sszervez√©sben vele egyenrang√∫ f√©lk√©nt jelennek meg k√ºls≈ë piaci szolg√°ltat√≥k.",NEM RELEV√ÅNS,"Ebben a j√∂v≈ëk√©pben az √∂nkorm√°nyzat ugyan biztos√≠t egy nem t√∫l magas sz√≠nvonal√∫, az eg√©sz v√°rosra kiterjed≈ë k√∂z√∂ss√©gi k√∂zleked√©si szolg√°ltat√°st, de ez nem foglal el els≈ëdleges helyet a feladatai rendszer√©ben, √©s a k√∂zleked√©spolitik√°j√°ban sem √©lvez els≈ëbbs√©get a k√∂z√∂ss√©gi k√∂zleked√©s.",NEM,"Ebben a j√∂v≈ëk√©pben az √∂nkorm√°nyzat ugyan biztos√≠t egy nem t√∫l magas sz√≠nvonal√∫, az eg√©sz v√°rosra kiterjed≈ë k√∂z√∂ss√©gi k√∂zleked√©si szolg√°ltat√°st, de nem foglal el els≈ëdleges helyet a feladatai rendszer√©ben, √©s a k√∂zleked√©spolitik√°j√°ban sem √©lvez els≈ëbbs√©get a k√∂z√∂ss√©gi k√∂zleked√©s. A v√°rosvezet√©s mellett sz√°mos mag√°nc√©g (munkahely, kereskedelmi k√∂zpont) is v√©gez szem√©lysz√°ll√≠t√°st."
üö¶üö∂üèª‚Äç‚ôÄÔ∏è K√ñZT√âR,A t√∂rt√©nelmi belv√°rosnak els≈ësorban a turizmus ig√©nyeit kell kiszolg√°lnia.,"A nagy idegenforgalmi potenci√°l miatt a belv√°ros egyre ink√°bb a turist√°k sz√°m√°ra k√≠n√°lt szolg√°ltat√°sokkal √©s a sz√°mukra k√≠n√°lt sz√°ll√°shelyekkel telik meg. Van, aki szerint ez gazdas√°gilag el≈ëny√∂s √©s a beruh√°z√°sokkal a v√°rosk√©p, √©s ezzel a v√°ros vonzereje is emelkedik. M√°sok szerint a folyamat az agglomer√°ci√≥ba szor√≠tja ki lakosokat √©s megfosztja az itt √©l≈ëket att√≥l, hogy v√°rosuk k√∂zpontj√°t k√∂z√∂ss√©gi √©letre haszn√°lj√°k.",IGEN,"Ebben a j√∂v≈ëk√©pben a v√°ros gazdas√°g√°nak fontos l√°ba a turizmus, de a k√∂nnyen el√©rhet≈ë negyedben a helyiek sz√°m√°ra is maradnak szolg√°ltat√°sok.",NEM,"Ebben a j√∂v≈ëk√©pben a belv√°ros nagyobb r√©sze egy vegyes funkci√≥j√∫, forgalomcsillap√≠tott v√°rosi alk√∂zpont r√©sze, ami magas √©letmin≈ës√©get biztos√≠t az itt lak√≥k sz√°m√°ra.",NEM,"Ebben a j√∂v≈ëk√©pben a t√∂megturizmus akt√≠v visszaszor√≠t√°s√°val a belv√°ros egy vegyes funkci√≥j√∫, forgalomcsillap√≠tott v√°rosi alk√∂zpont, ami magas min≈ës√©g≈±, fenntarthat√≥ √©letet biztos√≠t az itt lak√≥k sz√°m√°ra.",IGEN,"Ebben a j√∂v≈ëk√©pben a v√°ros gazdas√°g√°nak fontos l√°ba a belv√°rosba √∂sszpontosul√≥ turizmus, a helyiek a sz√≥rakoz√≥helyek kiv√©tel√©vel jellemz≈ëen m√°shol veszik ig√©nybe a szolg√°ltat√°sokat √©s digit√°lisan int√©zik √ºgyeiket.",NEM,"Ebben a j√∂v≈ëk√©pben sz√°mos szolg√°ltat√°s, hivatali √ºgyint√©z√©s √©s munkahely tov√°bbra is a belv√°rosba koncentr√°l√≥dik. Ez jelent≈ës forgalmat gener√°l, √©s csak n√©h√°ny utc√°ra korl√°tozza a turist√°k sz√°m√°ra kialak√≠tott belv√°rost.",IGEN,"Ebben a j√∂v≈ëk√©pben a jelent≈ës beruh√°z√°sokkal fejlesztett turistabelv√°ros alapvet≈ëen az idegenforgalom ig√©nyeit szolg√°lja ki, a lakosok m√°shov√° k√∂lt√∂znek innen."
üèõÔ∏èüëÆ √ÅLLAM,Legyen ar√°nyaiban k√∂lts√©gesebb a t√∂bbedik √©s a nagy m√©ret≈± j√°rm≈±vek fenntart√°sa.,"Sokan igazs√°goss√°gi okokb√≥l, vagy a k√∂zter√ºleti parkol√°s probl√©m√°i miatt √∫gy l√°tj√°k helyesnek, ha a t√∂bbedik mag√°nhaszn√°lat√∫ aut√≥ra m√°r nem vonatkoznak lakoss√°gi kedvezm√©nyek, a nagy m√©ret≈± aut√≥k (pl. v√°rosi terepj√°r√≥k) pedig magasabb d√≠jat fizetnek a parkol√°s√©rt. M√°sok szerint a helyi lakosok g√©pj√°rm≈±veire az √∂nkorm√°nyzatnak √°ltal√°ban biztos√≠tani kell az ingyeness√©get √©s t√≠pust√≥l, m√©rett≈ël f√ºggetlen√ºl azonos d√≠jakat √©rv√©nyes√≠teni.",IGEN,"Ebben a j√∂v≈ëk√©pben a t√∂bbs√©g nyitott a kor√°bbi egy√©ni d√∂nt√©sek k√∂zponti eld√∂nt√©s√©re √©s a k√∂z√∂ss√©gi √©rdek prioriz√°l√°sa az egy√©nivel szemben, √≠gy (szoci√°lis helyzetre tekintettel l√©v≈ë kedvezm√©nyek fenntart√°s√°val) extra terheket viselnek a t√∂bb g√©pj√°rm≈±vet haszn√°l√≥ h√°ztart√°sok.",IGEN,Ebben a j√∂v≈ëk√©pben a k√∂zter√ºletek √©lhet≈ëbb√© t√©tel√©t c√©lz√≥ √°talak√≠t√°s r√©szek√©nt jelent≈ësen megn√∂velt√©k a k√∂zter√ºleti parkol√°s k√∂lts√©geit.,IGEN,"Ebben a j√∂v≈ëk√©pben a k√∂zter√ºletek √©lhet≈ëbb√© t√©tel√©t c√©lz√≥ √°talak√≠t√°s r√©szek√©nt jelent≈ësen megn√∂velt√©k a k√∂zter√ºleti parkol√°s k√∂lts√©geit, de m√°s, k√∂rnyezeti √©s szoci√°lis szempontokat √©rv√©nyes√≠t≈ë terhek √©s tilt√°sok is ellen√∂szt√∂nzik, hogy a h√°ztart√°sok t√∂bb saj√°t g√©pj√°rm≈±vet tartsanak fenn √©s t√°roljanak k√∂zter√ºleten.",NEM,"Ebben a j√∂v≈ëk√©pben a k√∂zleked√©si √©s parkol√°si rendszer korl√°toz√°sai √©s √∂szt√∂nz≈ëi nem szoci√°lis vagy j√∂vedelmi helyzetre tekintettel, hanem adatalap√∫ megold√°sokkal, piaci alapon (pl. keresletalap√∫, dinamikus √°rszab√°ssal) avatkozik be a forgalom szab√°lyoz√°s√°ba.",NEM,"Ebben a j√∂v≈ëk√©pben nincs ilyen jelleg≈± korl√°toz√°s, a helyben lak√≥k sz√°m√°ra jelent≈ës kedvezm√©nyeket √©s mentess√©geket biztos√≠tanak a parkol√°si d√≠jakb√≥l.",NEM,"Ebben a j√∂v≈ëk√©pben bizonyos z√≥n√°kban (pl. belv√°ros) jelent≈ësen visszaszor√≠tott√°k a helyi lakosok t√∂bbedik aut√≥ira kor√°bban j√°r√≥ kedvezm√©nyeket, ugyanakkor a rendszer nem √©rv√©nyes√≠t √°ltal√°nosan olyan d√≠jszab√°st, ami ellen√∂szt√∂n√∂zn√© a t√∂bbedik g√©pj√°rm≈± haszn√°lat√°t a v√°rosban."
üíÅüèª‚Äç‚ôÄÔ∏èüè† EGY√âN,A belv√°rosi forgalmat a parkol√°si d√≠jak k√∂z√∂ss√©gi k√∂zleked√©si d√≠jak f√∂l√© emel√©s√©v√©vel lehet cs√∂kkenteni.,"Egyesek alkalmas eszk√∂znek tartj√°k a parkol√°si d√≠jak emel√©s√©t arra, hogy a h√©tk√∂znapi, nem n√©lk√ºl√∂zhetetlen aut√≥haszn√°lat helyett t√∂bben v√°lassz√°k a k√∂z√∂ss√©gi k√∂zleked√©st. M√°sok szerint a d√≠jak emel√©se nem elfogadhat√≥ eszk√∂z, ehelyett pozit√≠v √∂szt√∂nz≈ëkkel kell √©lni.",IGEN,Ebben a j√∂v≈ëk√©pben a k√∂z√∂ss√©gi k√∂zleked√©s megfizethet≈ë tarif√°i √©s a belv√°rosi √∂vezet magas parkol√°si d√≠jai ellen√∂szt√∂nzik az aut√≥haszn√°latot.,NEM RELEV√ÅNS,"Ebben a j√∂v≈ëk√©pben a belv√°ros nagy r√©sze nem megk√∂zel√≠thet≈ë szem√©lyg√©pj√°rm≈±vel, a k√∂zter√ºleti parkol√°s nagy r√©szben ki lett v√°ltva, de ebben csak kis szerepet j√°tszott a parkol√°si d√≠jak emel√©se.",IGEN,"Ebben a j√∂v≈ëk√©pben a parkol√°si rendszer az eg√©sz v√°rosra kiterjed, √∂szt√∂n√∂zve az akt√≠v k√∂zleked√©si m√≥dok √©s a k√∂z√∂ss√©gi k√∂zleked√©s haszn√°lat√°t. Emellett a belv√°rosban sz√°mos forgalomkorl√°toz√≥ int√©zked√©s teremt teret a k√∂z√∂ss√©gi terek, z√∂ldfel√ºletek sz√°m√°ra.",NEM RELEV√ÅNS,"A belv√°ros az online v√°s√°rl√°s elterjed√©s√©vel egy stagn√°l√≥, nagy m√©rt√©kben √∂nkiszolg√°l√≥ √ºzletekkel √©s √©tteremekkel teli, k√∂zleked√©si szempontb√≥l terhelt r√©sze a v√°rosnak, ahol progressz√≠v d√≠jszab√°s√∫, okos parkol√°si megold√°sokkal igyekeznek elej√©t venni a k√∂zleked√©si k√°osznak. A k√∂z√∂ss√©gi k√∂zleked√©s egy az el√©rhet≈ë megold√°sok k√∂z√ºl, a d√≠jszab√°s nem erre tekintettel, hanem a keresletre reag√°lva ker√ºl kialak√≠t√°sra.",NEM,"Ebben a j√∂v≈ëk√©pben a belv√°ros egy forgalmas, a kiskereskedelem hanyatl√°sa mellett is sok funkci√≥t mag√°ba s≈±r√≠t≈ë v√°rosr√©sz, ahol d√∂nt≈ëen a parkol√°si kapacit√°s maximaliz√°l√°sa szolg√°lja ki a k√∂zleked√©si ig√©nyeket.",NEM,"Ebben a j√∂v≈ëk√©pben a belv√°ros egy forgalmas, az ide √©rkez≈ë befektet√©sek miatt a kiskereskedelem hanyatl√°sa mellett is sok funkci√≥t mag√°ba s≈±r√≠t≈ë v√°rosr√©sz. M√≠g egyes utc√°kban akt√≠v forgalomkorl√°toz√°ssal √©lnek, m√°shol igyekeznek b≈ëv√≠teni a parkol√°si kapacit√°st. N√©mely viszonylatban a k√∂z√∂ss√©gi k√∂zleked√©s √©s a P+R parkol√≥k versenyk√©pes alternat√≠v√°t biztos√≠tanak az aut√≥s megk√∂zel√≠t√©ssel szemben, a d√≠jszab√°s ugyanakkor nem szolg√°lja kifejezetten a k√∂z√∂ss√©gi k√∂zleked√©sre val√≥ √°tterel√©st."
üö¶üö∂üèª‚Äç‚ôÄÔ∏è K√ñZT√âR,A lak√≥k √©letmin≈ës√©g√©nek jav√≠t√°sa √©rdek√©ben az √∂nkorm√°nyzat sz≈±rje ki az √°tmen≈ëforgalmat a lak√≥utc√°kb√≥l √©s az iskolautc√°kb√≥l.,"Az utc√°kb√≥l forgalmi ir√°nyok v√°ltoztat√°s√°val, hurkok kialak√≠t√°s√°val, lak√≥- √©s pihen≈ë √∂vezetek l√©tes√≠t√©s√©vel, filterek alkalmaz√°s√°val, busz-, √©s - vagy ker√©kp√°rs√°vok kijel√∂l√©s√©vel sz≈±rhet≈ë ki az √°tmen≈ëforgalom. Az iskol√°k el≈ëtt ahol lehets√©ges, aut√≥mentes, egyedi, j√°t√©kos k√∂rnyezetet lehet √≠gy kialak√≠tani. A v√°ltoztat√°s csendesebb √©s biztons√°gosabb viszonyokat teremt, de √°tmeneti bizonytalans√°ggal, konfliktusokkal √©s ellen√°ll√°ssal j√°rhat. A lak√≥utca lak√≥ter√ºletek bels≈ë forgalm√°t bonyol√≠tja le, az √°ll√≠t√°s nem vonatkozik a nagy √°tmen≈ëforgalmat bonyol√≠t√≥ utakra, amelyek mellett lak√°sok is vannak.

",IGEN,"Ebben a j√∂v≈ëk√©pben egy komplex, t√∂bb √©ves, eg√©sz v√°rosra kiterjed≈ë, fel√ºlr≈ël vez√©relt program szerint lezajlott az √°tmen≈ëforgalom kisz≈±r√©se a lak√≥utc√°kb√≥l.",IGEN,"Ebben a j√∂v≈ëk√©pben egy komplex, t√∂bb √©ves, eg√©sz v√°rosra kiterjed≈ë program szerint, √©rdemi lakoss√°gi bevon√°ssal √©s konfliktusok mellet lezajlott az √°tmen≈ëforgalom kisz≈±r√©se a lak√≥utc√°kb√≥l.",IGEN,"Ebben a j√∂v≈ëk√©pben egy komplex, t√∂bb √©ves, eg√©sz v√°rosra kiterjed≈ë program szerint, √©rdemi lakoss√°gi bevon√°ssal √©s konfliktusok mellet lezajlott az √°tmen≈ëforgalom kisz≈±r√©se a lak√≥utc√°kb√≥l.",NEM,"Ebben a j√∂v≈ëk√©pben folyamatos k√≠s√©rletez√©s zajlik az intelligens forgalomir√°ny√≠t√°s rendszereivel, de a lak√≥utc√°kat √©rint≈ë v√°rosszint≈± forgalomcsillap√≠t√°si t√∂rekv√©sek a konfliktusok √©s a szolg√°ltat√≥k ellen√°ll√°sa miatt meghi√∫s√∫ltak, ez√©rt erre csak sz√≥rv√°nyos p√©ld√°k vannak.",NEM,Ebben a j√∂v≈ëk√©pben az erre tett k√≠s√©rletek konfliktusba fulladtak √©s megbuktak a lakosok √©s az aut√≥sok ellen√°ll√°s√°n.,NEM RELEV√ÅNS,"Ebben a j√∂v≈ëk√©pben sz√°mos helyen l√©trej√∂ttek forgalomcsillap√≠tott lak√≥utc√°k, de ez nem √°ltal√°nos v√°rosszint≈± ir√°nyelv, hanem ink√°bb √©rdekcsoportok √©s a beruh√°z√≥i lobbi eredm√©nye. M√°s helyeken jelent≈ës k√∂zleked√©si terhel√©s nehezedik a lak√≥utc√°kra."
üö∏üöó K√ñZLEKED√âS,"Ahol a legnagyobbak a dug√≥k, √©s erre lehet≈ës√©g van, b≈ëv√≠teni kell az utak, keresztez≈ëd√©sek kapacit√°s√°t.","Sokan a legforgalmasabb csom√≥pontokban p√°rtoln√°k, ha ak√°r r√©gi √©p√ºletek elbont√°s√°val vagy z√∂lds√°vok bevon√°s√°val b≈ëv√≠ten√©k a keresztez≈ëd√©sek √°tenged≈ëkapacit√°s√°t, √∫j s√°vokat alak√≠tan√°nak ki. M√°sok szerint az ilyen beavatkoz√°sok csak m√©g nagyobb forgalmat gerjeszten√©nek, amelyet nem lehet egy ponton t√∫l infrastrukt√∫r√°val kiel√©g√≠teni.",NEM,"Ebben a j√∂v≈ëk√©pben a v√°rosvezet√©s megfelel≈ë sz√≠nvonal√∫ √©s kapacit√°s√∫ k√∂z√∂ss√©gi k√∂zleked√©st biztos√≠t ott, ahol dug√≥k alakulnak ki.",NEM,Ebben a j√∂v≈ëk√©pben nem mer√ºl fel az ig√©ny az utak kapacit√°s√°nak b≈ëv√≠t√©s√©re.,NEM,"Ebben a j√∂v≈ëk√©pben elk√©pzelhetetlen, hogy a lakosok √©s a v√°rosvezet√©s t√°mogasson az √°tmen≈ëforgalom sz√°m√°ra ilyen jelleg≈± kapacit√°sn√∂vel√©st.",NEM,"Ebben a j√∂v≈ëk√©pben sz√°mos m√≥don igyekeznek naprak√©sz k√∂zleked√©si adatok alapj√°n optimaliz√°lni a kapacit√°sokat, de ilyen int√©zked√©sekre nem ker√ºl sor.",IGEN,Ebben a j√∂v≈ëk√©pben folyamatos infrastruktur√°lis beruh√°z√°sok zajlanak a lakoss√°gi k√∂zleked√©si ig√©nyek kiszolg√°l√°s√°ra.,IGEN,Ebben a j√∂v≈ëk√©pben folyamatos infrastruktur√°lis beruh√°z√°sok zajlanak a lakoss√°gi √©s ipari k√∂zleked√©si ig√©nyek kiszolg√°l√°s√°ra.
üèõÔ∏èüëÆ √ÅLLAM,"√ñszt√∂n√∂zni kell, hogy a kereskedelem √©s a szolg√°ltat√°sok a v√°rossz√©li hipermarketek helyett a v√°rosnegyedek k√∂zponti r√©szeinek √ºzlethelyis√©geibe t√©rjenek vissza.","Sokak szerint a nagy √°ruh√°zak ny√∫jtotta k√≠n√°lat √©s √°rsz√≠nvonal nem p√≥tolhat√≥. M√°sok szerint a lak√≥helyhez k√∂zeli kis √ºzletek nemcsak a helyi v√°llalkoz√≥k meg√©lhet√©se miatt fontosak, de az aut√≥forgalom cs√∂kkent√©se miatt is. Ehhez azonban kedvez≈ë b√©rleti konstrukci√≥kban el√©rhet≈ë √ºzlethelyis√©gekre, a s≈±r≈±n lakott r√©szeken √∫j √ºzleth√°zakra √©s v√°roson bel√ºli, gyalogosan el√©rhet≈ë, tudatosan fejlesztett alk√∂zpontokra van sz√ºks√©g a v√°rossz√©li kereskedelmi z√≥n√°k n√∂vel√©s√©nek le√°ll√≠t√°sa mellett.",NEM RELEV√ÅNS,"Ebben a j√∂v≈ëk√©pben a v√°ros nem avatkozik be az √ºzletek helyv√°laszt√°s√°ba. Ugyan t√∂rekszik arra, hogy az √∫j l√©tes√≠tm√©nyek k√∂z√∂ss√©gi k√∂zleked√©ssel kiszolg√°lhat√≥ak legyenek, de nem g√°tolja az √ºzletk√∂zpontok terjeszked√©s√©t a kiskereskedelem √©rdek√©ben.",IGEN,A 15 perces v√°ros koncepci√≥j√°nak fontos eleme a helyi gazdas√°g felp√∂rget√©se √©s a fel√∫j√≠tott k√∂ztereken az √∂nkorm√°nyzati helyis√©gek jobb kihaszn√°l√°sa.,IGEN,"Ebben a j√∂v≈ëk√©pben nem nyitnak √∫j, nagy ter√ºlet≈± √ºzletk√∂zpontokat. A kereskedelem √©s a szolg√°ltat√°sok a helyi k√∂z√∂ss√©gi √©let sz√≠ntereibe vagy azok k√∂zel√©be helyez≈ëdnek √°t.",NEM RELEV√ÅNS,"Ebben a j√∂v≈ëk√©pben a v√°ros nem avatkozik be az √ºzletek helyv√°laszt√°s√°ba. A kereskedelem a mai helyzethez k√©pest az online t√©rbe tol√≥dik el, ami ink√°bb a helyi kiskereskedelmet √©rinti h√°tr√°nyosan.",NEM,"Ebben a j√∂v≈ëk√©pben a maihoz hasonl√≥, aut√≥ra tervezett, a v√°ros sz√©l√©n elhelyezked≈ë hipermarketekben, szolg√°ltat√≥ k√∂zpontokban zajlik a legt√∂bb tranzakci√≥, itt √©rhet≈ëek el a legjobb √°ron a t√∂megterm√©kek √©s a szolg√°ltat√°sok.",NEM,"Ebben a j√∂v≈ëk√©pben a v√°ros v√°llalkoz√≥ szellemben igyekszik els≈ë sorban √©rt√©kes√≠teni, m√°sodsorban hasznos√≠tani az ingatlanait. Ugyan vannak t√∂rekv√©sek f≈ëleg a turistabelv√°rosban a helyi √ºzletek fel√©leszt√©s√©re, √∂sszess√©g√©ben ezek nem versenyk√©pesek az √∫j pl√°z√°kkal."
üö∏üöó K√ñZLEKED√âS,√öj aut√≥s √©ttermek √©p√≠t√©s√©t nem szabad enged√©lyezni.,"Vannak, akik szerint az ilyen √©ttermek felesleges aut√≥forgalmat gener√°lnak, √©s a j√°r√≥ motorral v√°rakoz√≥ j√°rm≈±vek k√°rosak a k√∂rnyezetre. M√°sok √∫gy gondolj√°k, hogy a v√°rosi l√©thez hozz√°tartoznak a drive thru-k, a v√°rosnak pedig nem dolga beavatkozni a fogyaszt√≥k d√∂nt√©s√©be.",IGEN,"A gyors√©ttermek tov√°bbra is igen n√©pszer≈±ek, de ilyeneket f≈ëleg a k√∂zleked√©si √°tsz√°ll√≥pontokra, nagyobb csom√≥pontokra enged√©lyeznek, aut√≥s √©ttermek r√©g nem ny√≠ltak a v√°rosban.",IGEN,"A kereslet hi√°nya miatt fel sem mer√ºl ilyen √©ttermek enged√©lyez√©se: a v√°rosi alk√∂zpontokban, a lak√≥helyhez k√∂zel sz√©les k√≠n√°latban √©rhet≈ëek el √©ttermek, k√°v√©z√≥k.",IGEN,"Z√∂ldszempontok √©s a kereslet hi√°nya miatt fel sem mer√ºl ilyen √©ttermek enged√©lyez√©se: a v√°rosi alk√∂zpontokban, a lak√≥helyhez k√∂zel sz√©les k√≠n√°latban √©rhet≈ëek el √©ttermek, k√°v√©z√≥k.",NEM RELEV√ÅNS,Ebben a j√∂v≈ëk√©pben az √©telkisz√°ll√≠t√°s √©s az √°rusz√°ll√≠t√°s digitaliz√°ci√≥ja sz√ºks√©gtelenn√© tette ezeket a helysz√≠neket. ,NEM,Ebben a j√∂v≈ëk√©pben tov√°bbra is sz√°mos szolg√°ltat√°s specializ√°l√≥dik az aut√≥s vend√©gekre.,NEM,Ebben a j√∂v≈ëk√©pben tov√°bbra is sz√°mos szolg√°ltat√°s specializ√°l√≥dik az aut√≥s vend√©gekre.
üö∏üöó K√ñZLEKED√âS,A v√°ros eg√©sz belter√ºlet√©n - a f≈ëutakat is bele√©rtve - fokozatosan 30-as sebess√©g√∂vezetet kell kialak√≠tani.,"Az int√©zked√©s p√°rtol√≥i szerint ezzel cs√∂kkenthet≈ëek a zaj- √©s l√©gszennyez√©sb≈ël sz√°rmaz√≥ megbeteged√©sek √©s elker√ºlhet≈ëek a s√∫lyos vagy hal√°los balesetek. Azzal √©rvelnek, hogy gyakran nem is lehet enn√©l gyorsabban k√∂zlekedni a v√°rosban. M√°sok szerint a forgalom folyamatoss√°ga √©s gyorsas√°ga miatt k√°ros volna egy ilyen int√©zked√©s, √©s igen k√∂lts√©ges annak nyomon k√∂vet√©se, sz√°monk√©r√©se.",IGEN,"A j√∂v≈ëk√©p alapvet≈ë √©rt√©ke a biztons√°g, erre tekintettel a belter√ºleti r√©szeken folyamatosan b≈ëv√≠tik a sebess√©gkorl√°tozott √∂vezeteket.",IGEN,"Ebben a j√∂v≈ëk√©pben a gyalogos √©s ker√©kp√°ros k√∂zleked√©s v√©delm√©ben n√©h√°ny √∫tszakasz kiv√©tel√©vel m√°r 2040-ben is sebess√©gkorl√°tozott utakkal tal√°lkozhatunk a v√°rosban, √∂nmag√°t magyar√°z√≥, szab√°lyk√∂vet≈ë viselked√©st kiv√°lt√≥ kialak√≠t√°ssal.",IGEN,Ebben a j√∂v≈ëk√©pben a gyalogos √©s ker√©kp√°ros k√∂zleked√©s v√©delm√©ben n√©h√°ny √∫tszakasz kiv√©tel√©vel m√°r 2040-ben is sebess√©gkorl√°tozott utakkal tal√°lkozhatunk a v√°rosban.,NEM,"Ebben a j√∂v≈ëk√©pben a v√°rosvezet√©s intenz√≠ven monitorozza a gyorshajt√°st, √©s elemzi a k√∂zleked√©sbiztons√°g helyzet√©t, ugyanakkor nincs √°tfog√≥, v√°rosszint≈± politik√°ja a sebess√©gkorl√°toz√°sra.",NEM,"Ebben a j√∂v≈ëk√©pben csak elv√©tve, lak√≥utc√°kban tal√°lkozhatunk ilyen k√∂zleked√©si renddel. A sebess√©ghat√°rok be nem tart√°s√°t ritk√°n szankcion√°lj√°k, a szab√°lyk√∂vet√©st a k√∂zutak kialak√≠t√°sa sem seg√≠ti.",NEM,"Ebben a j√∂v≈ëk√©pben nem l√©tezik ilyen √°tfog√≥, v√°rosszint≈± koncepci√≥, csup√°n n√©h√°ny negyedben tal√°lkozhatunk korl√°tozott sebess√©g≈±, ennek megfelel≈ëen kialak√≠tott √∂vezetet."
üíÅüèª‚Äç‚ôÄÔ∏èüè† EGY√âN,Az iskol√°ba eljut√°st iskolabusz-rendszer kialak√≠t√°s√°val kell seg√≠teni.,"A cs√∫csforgalom egyik √∂sszetev≈ëje, hogy a sz√ºl≈ëk aut√≥val viszik iskol√°ba a gyerekeket. Ezt tudn√° r√©szben kezelni egy v√°rosi szint≈± iskolabusz-h√°l√≥zat, ami biztons√°gban eljuttatn√° a gyerekeket az iskol√°ig. M√°sok szerint ez felesleges √©s dr√°ga t√∂bbletszolg√°ltat√°s: a gyalogos k√∂zleked√©s biztons√°gosabb√° t√©tel√©vel, √∂nk√©ntes gyalogbusz-h√°l√≥zat szervez√©s√©vel, a forgalom el≈ël lez√°rt iskolautc√°k l√©trehoz√°s√°val vagy a munkakezd√©s √©s az iskolakezd√©s eltol√°s√°val en√©lk√ºl is megoldhat√≥ak lenn√©nek a probl√©m√°k.",NEM,"Ebben a j√∂v≈ëk√©pben a s≈±r≈±, biztons√°gos k√∂z√∂ss√©gi k√∂zleked√©si h√°l√≥zat kiv√°ltja az iskolabusz-rendszert.",NEM,Ebben a j√∂v≈ëk√©pben a legt√∂bb tanul√≥ gyalog vagy ker√©kp√°rral biztons√°gosan eljuthat az iskol√°ba.,IGEN,"Ebben a j√∂v≈ëk√©pben n√©pszer≈±ek a gyerekeket iskol√°ba sz√°ll√≠t√≥ j√°rm≈±vek, amelyek id≈ët sp√≥rolnak a sz√ºl≈ëknek, amit √≠gy k√∂z√∂ss√©gi tev√©kenys√©gekre ford√≠thatnak.",NEM,"B√°r voltak k√≠s√©rletek, hogyan lehet hat√©kony, piack√©pes megosztott szolg√°ltat√°ssal, vagy √∂nvezet≈ë, ig√©nyalap√∫ eszk√∂z√∂kkel √°talak√≠tani a reggeli iskol√°ba j√°r√°st, ezek nem v√°ltott√°k be a hozz√°juk f≈±z√∂tt rem√©nyeket, a v√°ros pedig nem ny√∫jt t√°mogat√°st a fenntart√°sukra.",NEM,"A legt√∂bbek sz√°m√°ra az, hogy az egyik sz√ºl≈ë aut√≥val sz√°ll√≠tja iskol√°ba a gyereket, a mindennapi rutin r√©sze. Az ezt kiv√°lt√≥, megfelel≈ë sz√≠nvonal√∫ szolg√°ltat√°s fenntart√°s√°ra nincs forr√°s.",IGEN,"A reggeli forgalomszervez√©s √©s a munk√°ba j√°r√°s hat√©konys√°g√°t √©rdemben jav√≠totta a kiterjedt iskolabusz-h√°l√≥zat l√©trehozatala, amelyet a v√°ros mellett nagyv√°llalatok t√°rsfinansz√≠roznak."
üö∏üöó K√ñZLEKED√âS,A k√∂zleked√©sre ford√≠that√≥ fejleszt√©si forr√°sok felhaszn√°l√°s√°n√°l el≈ët√©rbe kell helyezni a ker√©kp√°rh√°l√≥zat fejleszt√©s√©t.,"A ker√©kp√°ros k√∂zleked√©st legink√°bb az egybef√ºgg≈ë, ker√ºl≈ëutakt√≥l mentes, biztons√°gos h√°l√≥zat √∂szt√∂nzi. Ennek ki√©p√≠t√©se sz√ºks√©gess√© teszi, hogy az √∂nkorm√°nyzat a sz√°m√°ra el√©rhet≈ë (pl. EU-s) forr√°sokn√°l a ker√©kp√°ros fejleszt√©seket r√©szes√≠tse el≈ënyben √©s a k√∂zter√ºletek √°talak√≠t√°sakor helyet biztos√≠tson ker√©kp√°rt√°rol√≥knak, t√∂lt≈ëpontoknak elektromos ker√©kp√°rok r√©sz√©re. M√°sok √∫gy l√°tj√°k, a ker√©kp√°ros k√∂zleked√©sben nincs akkora n√∂veked√©si potenci√°l, szerint√ºk m√°shol jobban hasznosuln√°nak ezek a forr√°sok.",NEM,A forr√°sok t√∫lnyom√≥ r√©sz√©t a k√∂z√∂ss√©gi k√∂zleked√©si h√°l√≥zat fejleszt√©se felem√©szti.,IGEN,Ebben a j√∂v≈ëk√©pben jelent≈ës forr√°sokat ford√≠tanak ker√©kp√°rosbar√°t k√∂zter√ºleti √°talak√≠t√°sokra √©s a v√°rosi alk√∂zpontokat √∂sszek√∂t≈ë bringasztr√°d√°kra.,IGEN,Ebben a j√∂v≈ëk√©pben jelent≈ës forr√°sokat ford√≠tanak ker√©kp√°rosbar√°t k√∂zter√ºleti √°talak√≠t√°sokra √©s a v√°rosi alk√∂zpontokat √∂sszek√∂t≈ë bringasztr√°d√°kra.,NEM RELEV√ÅNS,"Ebben a j√∂v≈ëk√©pben √∫j, vonz√≥ v√°rosi negyedeket (pl. egyetemv√°ros, kreat√≠vipari k√∂zpont) kiszolg√°l√≥ k√∂zleked√©sfejleszt√©seken van a f√≥kusz, ennek r√©sze a ker√©kp√°ros infrastrukt√∫ra fejleszt√©se is, amely ugyanakkor nem alkot egys√©ges v√°rosszint≈± h√°l√≥zatot.",NEM,"Ebben a j√∂v≈ëk√©pben kev√©s forr√°st haszn√°lnak ker√©kp√°ros fejleszt√©sekre, √©s ezek rendre h√°tt√©rbe szorulnak a k√∂z√∫ti fejleszt√©sekhez k√©pest. A megl√©v≈ë h√°l√≥zat nagy r√©sze felfestett ker√©kp√°rs√°v, vagy gyalog√∫tra terelt ker√©kp√°r√∫t.",NEM,"Ebben a j√∂v≈ëk√©pben kev√©s forr√°st haszn√°lnak ker√©kp√°ros fejleszt√©sekre, √©s ezek rendre h√°tt√©rbe szorulnak a k√∂z√∫ti fejleszt√©sekhez k√©pest. A megl√©v≈ë h√°l√≥zat nagy r√©sze felfestett ker√©kp√°rs√°v, vagy gyalog√∫tra terelt ker√©kp√°r√∫t."
üö¶üö∂üèª‚Äç‚ôÄÔ∏è K√ñZT√âR,Hozzanak l√©tre elektromos t√∂lt≈ëpontokat √©s dedik√°lt parkol√≥helyeket a mag√°nhaszn√°lat√∫ elektromos g√©pj√°rm≈±vek r√©sz√©re.,"Van, aki szerint az elektromos j√°rm≈±vek t√©rnyer√©se a bels≈ë√©g√©s≈±ekkel szemben kisebb l√©g- √©s zajszennyez√©s√ºk miatt kik√ºsz√∂b√∂lik az aut√≥forgalom jelenleg legk√°rosabb k√∂rnyezeti hat√°sait, ez√©rt a v√°rosnak akt√≠van t√°mogatnia kell a technol√≥gia terjed√©s√©t. M√°sok szerint ez csak konzerv√°lja az aut√≥t√≥l f√ºgg≈ë v√°rosfejl≈ëd√©s sz√°mos probl√©m√°j√°t, elterjed√©se pedig lass√∫, organikus folyamat, √≠gy legfeljebb a piaci megold√°sok enged√©lyez√©se √©s a k√∂z√∂ss√©gi k√∂zleked√©s, illetve a szem√©ly- √©s tehersz√°ll√≠t√°s elektrifik√°ci√≥j√°nak √∂szt√∂nz√©se a v√°ros dolga.",NEM,"Ebben a j√∂v≈ëk√©pben az egy√©ni aut√≥z√°s t√°mogat√°sa akkor sem √©rdeke a v√°rosnak, ha az elektromos hajt√°ssal t√∂rt√©nik. Ebb≈ël fakad√≥an a k√∂zter√ºleteken mag√°ntulajdon√∫ j√°rm≈±vek t√∂lt√©s√©nek t√°mogat√°sa is ellent√©tes a c√©lokkal.",NEM,"Ebben a j√∂v≈ëk√©pben a k√∂zter√ºleti parkol√°s jelent≈ës m√©rt√©kben visszaszorult, nincsenek parkol√≥helyek l√©tes√≠t√©s√©vel el≈ënyben r√©szes√≠tve az elektromos j√°rm≈±vek.",IGEN,Ebben a j√∂v≈ëk√©pben a v√°rosvezet√©s ilyen m√≥don is t√°mogatja az elektromos √°t√°ll√°st.,IGEN,Ebben a j√∂v≈ëk√©pben a v√°rosvezet√©s ilyen m√≥don is t√°mogatja az elektromos √°t√°ll√°st.,IGEN,Ebben a j√∂v≈ëk√©pben a v√°rosvezet√©s ilyen m√≥don is t√°mogatja az elektromos √°t√°ll√°st.,IGEN,Ebben a j√∂v≈ëk√©pben a v√°rosvezet√©s ilyen m√≥don is t√°mogatja az elektromos √°t√°ll√°st.
üèõÔ∏èüëÆ √ÅLLAM,"Z√∂ldmez≈ës beruh√°z√°sokra akkor ker√ºlhessen sor, ha a beruh√°z√≥k v√°llalj√°k, hogy √©rdemben hozz√°j√°rulnak a sz√ºks√©ges infrastrukt√∫ra ki√©p√≠t√©s√©hez.","Sokak szerint a v√°ros infrastrukt√∫r√°val (utak, k√∂zm≈±vek, √≥vod√°k, iskol√°k, k√∂z√∂ss√©gi k√∂zleked√©s stb.) m√°r j√≥l ell√°tott, bels≈ë ter√ºleteire kell vonzani az ingatlanberuh√°z√°sokat, m√°shol ugyanis ezek ki√©p√≠t√©se jelent≈ësen terheln√© az √∂nkorm√°nyzat k√∂lts√©gvet√©s√©t. M√°sok szerint nem lehet ilyen terhekkel dr√°g√≠tani a beruh√°z√°sokat, lehet≈ës√©g szerint biztos√≠tani kell a be√©p√≠thet≈ë ter√ºleteket a v√°ros eg√©sz√©ben.",NEM RELEV√ÅNS,"Ebben a j√∂v≈ëk√©pben er≈ës a v√°rostervez√©s, a v√°ros terjeszked√©se √©s fejleszt√©se a k√∂z√∂ss√©gi k√∂zleked√©si kapcsolatok √©s csom√≥pontok k√∂r√ºl s≈±r≈±s√∂dik. A v√°rosfejleszt√©si tervek √©s az √©p√≠t√©si szab√°lyoz√°s is ezt t√°mogatja. Ebb≈ël k√∂vetkez≈ëen nem a z√∂ldmez≈ës beruh√°z√°s az ir√°ny, hanem a megl√©v≈ë, f≈ëk√©nt barnamez≈ës ter√ºletek revitaliz√°l√°sa.",IGEN,"Ebben a j√∂v≈ëk√©pben a ""15 perces"" v√°rosr√©szek kialak√≠t√°sa √©rdek√©ben a v√°ros er≈ës v√°rostervez√©si eszk√∂z√∂kkel √©l, √©s a tervei megval√≥s√≠t√°s√°ba partnerk√©nt √©s tehervisel≈ë f√©lk√©nt bevonja a mag√°nbefektet≈ëket.",NEM,"Ebben a j√∂v≈ëk√©pben ink√°bb barnamez≈ës beruh√°z√°sokat enged√©lyeznek. Olyan ter√ºleten, ahol csak magas k√∂rnyezet k√∂lts√©ggel, √∫j infrastrukt√∫ra ki√©p√≠t√©s√©vel √©s fokozott k√∂zleked√©si ig√©nnyel √©p√ºlhetnek lak√°sok, ez egy√°ltal√°n nem enged√©lyezett.",IGEN,"A technokrata v√°rosvezet√©s v√°llalkoz√≥i szeml√©letben, gyakran PPP konstrukci√≥kat alkalmazva egy√ºttm≈±k√∂dik a befektet≈ëkkel, hogy megval√≥s√≠thassa a v√≠zi√≥it, v√°rosfejleszt√©si terveit.",IGEN,Ebben a j√∂v≈ëk√©pben az √∂nkorm√°nyzat fesz√≠tett k√∂lts√©gvet√©si gazd√°lkod√°sa miatt sz√ºks√©ges a beruh√°z√≥k bevon√°sa az infrastrukt√∫ra ki√©p√≠t√©s√©be. √öj lak√≥ingatlanok d√∂nt≈ëen az agglomer√°ci√≥ban √©p√ºlnek.,NEM,"Ebben a j√∂v≈ëk√©pben a v√°ros befektet√©s√∂szt√∂nz≈ë strat√©gi√°ja √©rdek√©ben, - bizonyos v√°rostervez√©si korl√°tok megtart√°s√°val -  a magas alb√©rlet√°rak √©s a lak√°shi√°ny kezel√©s√©re hivatkozva nem terheli extra k√∂lts√©gekkel az ingatlanberuh√°z√≥kat."
üö¶üö∂üèª‚Äç‚ôÄÔ∏è K√ñZT√âR,Az utc√°kat √©s keresztez≈ëd√©seket a ker√©kp√°ros- √©s gyalogosforgalom biztons√°g√°t el≈ët√©rbe helyezve kell √°talak√≠tani.,"A gyalogosbar√°t kialak√≠t√°s szeml√©letv√°lt√°st jelent a k√∂z√∫ti forgalom els≈ëbbs√©g√©vel szemben, pl. sz√©lesebb j√°rda parkol√≥k √°talak√≠t√°s√°val, szintbe hozott gyalog√°tkel≈ë az √∫ttest megemel√©s√©vel, ker√©kp√°ros √©s gyalogos els≈ëbbs√©g keresztez≈ëd√©sekben. Az int√©zked√©sek t√°mogat√≥i szerint ez j√≥ ir√°ny, mivel a l√°t√°ss√©r√ºlt, mozg√°ss√©r√ºlt, id≈ës emberek √©s a gyerekek, babakocsival k√∂zleked≈ëk sz√°m√°ra a k√∂zter√ºletek gyakran el√©rhetetlenek, balesetvesz√©lyesek. M√°sok szerint nem sz√ºks√©gesek ezek az √°talak√≠t√°sok, ha azok a k√∂z√∫ti forgalmat akad√°lyozz√°k.",IGEN,"Ebben a j√∂v≈ëk√©pben a k√∂z√∂ss√©gi k√∂zleked√©st alapvet≈ëen ugyanazok haszn√°lj√°k, akik m√°sodlagosan gyalog √©s k√ºl√∂nb√∂z≈ë mikromobilit√°si eszk√∂z√∂kkel is k√∂zlekednek. Ezen csoportok k√©nyelm√©nek √©s biztons√°g√°nak megteremt√©se √≠gy a v√°ros √©rdeke a magas utassz√°mok el√©r√©se √©rdek√©ben.",IGEN,A j√∂v≈ëk√©p alapkoncepci√≥j√°hoz tartozik a k√∂zter√ºletek akt√≠v k√∂zleked√©sre alkalmass√° t√©tele.,IGEN,"Ebben a j√∂v≈ëk√©pben a j√°rd√°k felszabad√≠t√°sa √©s a k√∂zleked√©sbiztons√°g tekintet√©ben a v√°rosvezet√©sre komoly nyom√°s helyez≈ëdik a szomsz√©ds√°gi csoportok r√©sz√©r≈ël, amelyek folyamatosan k√©nyszer√≠tik ki a probl√©m√°s helyzetek felsz√°mol√°s√°t.",NEM RELEV√ÅNS,"B√°r a v√°ros √°ldoz a ker√©kp√°ros infrastrukt√∫ra fejleszt√©s√©re, m√©gis nagyobb priorit√°st √©lvez a motoriz√°lt k√∂zleked√©s ig√©nyeinek kiszolg√°l√°sa, legyen sz√≥ okos parkol√°sr√≥l, elektromos t√∂lt≈ëpontokr√≥l vagy a piaci alap√∫ k√∂z√∂ss√©gi k√∂zleked√©s megszervez√©s√©r≈ël √©s m≈±k√∂dtet√©s√©r≈ël.",NEM,"Ebben a j√∂v≈ëk√©pben a v√°rosvezet√©s a lakoss√°g ellen√°ll√°s√°t√≥l tartva nem sz√°mol fel parkol√≥helyeket, a k√∂zleked√©sszervez√©sben pedig az aut√≥forgalom folytonoss√°ga, a csom√≥pontok maxim√°lis √°tereszt≈ëk√©pess√©ge van el≈ët√©rben.",NEM,Ebben a j√∂v≈ëk√©pben a v√°ros legt√∂bb r√©sz√©n az aut√≥forgalom √©s a parkol√°s szempontjai alak√≠tj√°k a k√∂zter√ºleteket.
üö¶üö∂üèª‚Äç‚ôÄÔ∏è K√ñZT√âR,A k√∂rny√©kbeli lakosok kedvezm√©nyeinek megtart√°sa mellett a legt√∂bb helyre ki kell terjeszteni a fizet≈ës parkol√°si z√≥n√°kat h√©tk√∂znap √©s h√©tv√©g√©n is.,"Vannak, akik szerint az √∂nkorm√°nyzatnak √∫gy kell fejlesztenie a parkol√°si rendszer√©t, hogy abb√≥l hossz√∫ t√°von stabil, n√∂vekv≈ë bev√©telre tehessen szert, amit felhaszn√°lhat a v√°ros fejleszt√©s√©re, a k√∂z√∂ss√©gi k√∂zleked√©s biztos√≠t√°s√°ra. A fizet≈ës z√≥n√°k m√°sik c√©lja, hogy kontroll√°lja a k√∂zter√ºleti parkol√°st √©s cs√∂kkentse az aut√≥forgalmat. M√°sok szerint csak ott √©s akkor indokolt parkol√°si d√≠jat szedni, ahol ennek a t√∫lkeresletet szab√°lyz√≥ haszna van, a z√≥n√°k kiterjeszt√©se pedig kiterjesztett fel√ºgyeletet is ig√©nyel.",IGEN,"A parkol√°si d√≠jak magasak, a h√©t minden napj√°n fizetni kell, ez sz√°mos viszonylatban m√©g versenyk√©pesebb√© teszi a k√∂z√∂ss√©gi k√∂zleked√©st √©s bev√©telt gener√°l.",IGEN,"Ebben a j√∂v≈ëk√©pben sok helyen felsz√°molt√°k a k√∂zter√ºleti parkol√°st, ahol megmaradt, ott fizetni kell √©rte.",IGEN,"Ebben a j√∂v≈ëk√©pben sok helyen felsz√°molt√°k a k√∂zter√ºleti parkol√°st, ahol megmaradt, ott fizetni kell √©rte.",IGEN,"Ebben a j√∂v≈ëk√©pben a parkol√°si rendszer a k√∂z√∂ss√©gi/megosztott j√°rm≈±vek haszn√°lat√°t √∂szt√∂nzi. A parkol√°s a legt√∂bb helyen fizet≈ës, dinamikus √°rszab√°ssal √©s okos megold√°sokkal csillap√≠tva a t√∫lkeresletet.",NEM,"A fizet≈ës z√≥n√°k azokra a ter√ºletekre √∂sszpontosulnak, ahol jelent≈ës a forgalom, √°m itt is kiterjedt lakoss√°gi kedvezm√©nyek vannak. Ugyanakkor a v√°rosvezet√©s a g√©pj√°rm≈±haszn√°lat eleve magas k√∂lts√©geit k√≠v√°nja tov√°bb n√∂velni a parkol√°si rendszer kiterjeszt√©s√©vel.",NEM,"A parkol√°si z√≥n√°k d√∂nt≈ëen a belv√°rosra terjednek ki, illetve bizonyos mag√°nfenntart√°s√∫ ter√ºleteken szednek behajt√°si d√≠jat. A k√∂zter√ºleti parkol√°st m√©lygar√°zsok, parkol√≥h√°zak √©p√≠t√©s√©vel igyekeznek m√©rs√©kelni."
üö∏üöó K√ñZLEKED√âS,A belv√°rosban √©s a lak√≥telepeken k√∂zter√ºleti parkol√°s √©s √ºres telkek parkol√°sra val√≥ haszn√°lata helyett helytakar√©kos automata parkol√°si rendszerekbe kell befektetni.,"A nagy n√©ps≈±r≈±s√©ggel rendelkez≈ë vagy s≈±r≈±n felkeresett ter√ºletek eset√©ben javasolhat√≥ a helytakar√©kos ‚Äûautomata parkol√°si rendszerek‚Äù haszn√°lata, melyek egyszerre ny√∫jtanak megold√°st a jelentkez≈ë gar√°zshi√°nyra, illetve a
k√∂z√∂ss√©gi terek, parkok √©s j√°tsz√≥terek ir√°nti t√°rsadalmi ig√©nyek kiel√©g√≠t√©s√©re. A beruh√°z√°s megt√©r√ºl√©se ugyanakkor bizonytalan, sokszor csak r√°fizet√©ssel m≈±k√∂dtethet≈ë, √©s sokak szerint √∂szt√∂nzi a g√©pkocsihaszn√°latot.",NEM RELEV√ÅNS,"Ebben a j√∂v≈ëk√©pben a k√∂z√∂ss√©gi k√∂zleked√©s vonzerej√©nek k√∂sz√∂nhet≈ëen a legt√∂bb helyen kezelhet≈ëv√© v√°lt a k√∂zter√ºleti parkol√°s, a befektet√©sek ink√°bb e rendszer fejleszt√©s√©be folynak.",IGEN,"A v√°rosvezet√©s c√©lja a k√∂zter√ºleti parkol√°s felsz√°mol√°sa √©s a be√©p√≠thet≈ë telkeken multifunkci√≥s √©p√ºletek √©p√≠t√©s√©vel a funkci√≥k s≈±r√≠t√©se. Az aut√≥haszn√°lat nem sz≈±nik meg, de t√∂megess√© v√°lnak a hosszabb t√°v√∫ parkol√≥b√©rl√©sek.",NEM,"Ebben a j√∂v≈ëk√©pben az √∂nkorm√°nyzat nem k√≠v√°nja √∂szt√∂n√∂zni, s≈ët vissza k√≠v√°nja szor√≠tani az aut√≥haszn√°latot. Nem fektetnek ilyen megold√°sokba, helyette a k√∂z√∂ss√©gi k√∂zleked√©st fejlesztik √©s √©lhet≈ëbb k√∂ztereket alak√≠tanak ki.",IGEN,"Ebben a j√∂v≈ëk√©pben mag√°n √©s √∂nkorm√°nyzati kezdem√©nyez√©sre is l√©trej√∂nnek ilyen rendszerek a parkol√°si ig√©nyek kiszolg√°l√°s√°ra, vagy a szolg√°ltat√≥c√©gek sz√°m√°ra flottaparkol√°s biztos√≠t√°s√°ra. ",NEM,Ebben a j√∂v≈ëk√©pben a v√°ros alapvet≈ëen a k√∂zterek √©s √∂nkorm√°nyzati telkek felhaszn√°l√°s√°val igyekszik kiel√©g√≠teni a parkol√°si ig√©nyeket.,IGEN,Ebben a j√∂v≈ëk√©pben √∂nkorm√°nyzati kezdem√©nyez√©sre √©s mag√°nberuh√°z√°sok r√©szek√©nt is l√©trej√∂nnek ilyen rendszerek.
üö¶üö∂üèª‚Äç‚ôÄÔ∏è K√ñZT√âR,"A v√°ros z√∂ldfel√ºletei, term√©szetk√∂zeli rekre√°ci√≥s ter√ºletei kiz√°r√≥lag k√∂z√∂ss√©gi k√∂zleked√©ssel, gyalog vagy ker√©kp√°rral legyenek megk√∂zel√≠thet≈ëek.","Vannak, akik szerint a term√©szeti k√∂rnyezet v√©delme √©s az eg√©szs√©ges √©letm√≥d miatt fontos lenne, ha a z√∂ldfel√ºleteket az emberek nem aut√≥val k√∂zel√≠ten√©k meg. Ehhez ker√©kp√°rutakat kell √©p√≠teni √©s elektromos buszokkal kiszolg√°lni a f≈ëbb ilyen t√≠pus√∫ c√©lpontokat. M√°sok szerint a v√°ros turisztikai vonzerej√©t √©s a pihen≈ëhelyek megk√∂zel√≠t√©s√©t rontan√°, ha nem lehetne hozz√°juk aut√≥val behajtani.",IGEN,"Ebben a j√∂v≈ëk√©pben P+R parkol√≥kkal a turist√°k √©s a lakosok is k√©nyelmesen megk√∂zel√≠thetik ezeket a helyeket elektromos buszokkal, amelyek rendezv√©nyek eset√©n s≈±r√≠tve k√©pesek nagyobb t√∂meget is elsz√°ll√≠tani.",NEM RELEV√ÅNS,Ebben a j√∂v≈ëk√©pben a lak√≥hely k√∂zel√©ben el√©rhet≈ë rekre√°ci√≥s ter√ºletek miatt kisebb a nyom√°s ezeken a c√©lpontokon.,IGEN,"A term√©szeti k√∂rnyezet v√©delme miatt sz√°mos erdei √∫t le van z√°rva az aut√≥forgalom el≈ëtt, a turisztikai c√©lpontokat ker√©kp√°r√∫ton vagy elektromos buszokkal lehet megk√∂zel√≠teni.",NEM,"Ebben a j√∂v≈ëk√©pben nincs korl√°tozva az aut√≥k behajt√°sa, de okos parkol√°si rendszer m≈±k√∂dik, ami elej√©t veszi a torl√≥d√°soknak.",NEM,Ebben a j√∂v≈ëk√©pben nincs korl√°tozva az aut√≥k behajt√°sa.,NEM,"Ebben a j√∂v≈ëk√©pben nincs korl√°tozva az aut√≥k behajt√°sa, √∫j turisztikai beruh√°z√°sok is forgalmat gener√°lnak ezeken a r√©szeken."
üèõÔ∏èüëÆ √ÅLLAM,Az √∂nkorm√°nyzatnak el≈ënyben kell r√©szes√≠tenie a v√°ros polg√°rait az ing√°z√≥kkal szemben a k√∂zleked√©s szervez√©s√©n√©l.,"Az √°ll√≠t√°ssal egyet√©rt≈ëk szerint az √∂nkorm√°nyzat a helyi lakosok v√©delm√©ben kell fell√©pjen, d√∂nt√©sein√©l el≈ënyben r√©szes√≠tve az itt lak√≥kat √©s k√∂lts√©gekkel terhelve az ing√°z√≥kat (pl. kiz√°r√≥lagos lakoss√°gi parkol√°s, behajt√°si d√≠j √©s korl√°toz√°sok). M√°sok szerint a v√°ros √©s t√©rs√©ge egy rendszert alkot, az agglomer√°ci√≥ lak√≥i j√≥r√©szt a v√°rosban teremtenek √©rt√©ket, √≠gy t√∂rekedni kell a mindenki sz√°m√°ra kedvez≈ë megold√°sokra.",NEM RELEV√ÅNS,"Ebben a j√∂v≈ëk√©pben egy r√©gi√≥s k√∂zleked√©sszervez≈ë c√©g √∂sszehangoltan fejleszti a v√°ros √©s agglomer√°ci√≥ja k√∂zleked√©s√©t, integr√°lt tarifarendszerrel. Mik√∂zben a v√°ros d√∂nt≈ëen a saj√°t belter√ºlet√©nek k√∂zleked√©s√©be fektet be, szomsz√©daival partners√©gben a t√©rs√©g eg√©sz√©nek k√∂z√∂ss√©gi k√∂zleked√©se magas sz√≠nvonal√∫.",IGEN,"Ebben a j√∂v≈ëk√©pben a v√°ros gyakran a fejlesztett alk√∂zpontok v√©delm√©ben l√©p fel, korl√°tozva az √°tmen≈ëforgalmat. A v√°rosvezet√©s c√©lja, hogy az emberek ne az agglomer√°ci√≥b√≥l ing√°zzanak, hanem az √©lhet≈ëv√© v√°l√≥ v√°rosmagokban tal√°ljanak lakhat√°st.",IGEN,"Ebben a j√∂v≈ëk√©pben a fenntarthat√≥s√°g szempontj√°t √©rv√©nyes√≠tve extra k√∂lts√©gek terhelik az ing√°z√°st, a helyi k√∂z√∂ss√©gek pedig nyom√°st helyeznek a d√∂nt√©shoz√≥kra a forgalom √©s az √°tmen≈ëforgalom korl√°toz√°s√°ra.",NEM RELEV√ÅNS,"Ebben a j√∂v≈ëk√©pben a helyi lakosok t√∂bb szolg√°ltat√°shoz sz√©lesebb id≈ëszakokban f√©rnek hozz√°, az √∂nkorm√°nyzat azonban nem form√°lja saj√°t lak√≥i √©rdek√©ben a piaci alapon m≈±k√∂d≈ë rendszert.",IGEN,"Ebben a j√∂v≈ëk√©pben a helyben lak√≥ aut√≥sok terhei m√©rs√©keltek, a parkol√°s tekintet√©ben kedvezm√©nyeket √©s kiz√°r√≥lagos helyeket kapnak, mik√∂zben az ing√°z√≥kat a v√°ros igyekszik extra k√∂lts√©gek befizet√©s√©vel bevonni a rendszer fenntart√°s√°ba.",NEM,"Ebben a j√∂v≈ëk√©pben a v√°ros gazdas√°gi s√∫ly√°n√°l fogva fontos r√©gi√≥s szereppel b√≠r, jelent≈ës a munkav√°llal√≥k ing√°z√°sa √©s a teherforgalom, ami kiv√°ltja a helyi lakosok ellenkez√©s√©t."